:020000040800F2
:10000000D8B00020290200083949000891340008BE
:100010003549000821090008595B0008000000006C
:1000200000000000000000000000000091570008E0
:10003000510E000800000000A1490008B557000853
:10004000430200084302000843020008430200087C
:100050004302000843020008550E0008430200084E
:1000600043020008610E00086D0E000843020008FC
:10007000430200084302000843020008430200084C
:10008000430200084302000843020008430200083C
:10009000810900084302000843020008790E0008A5
:1000A000430200084302000843020008430200081C
:1000B000430200084302000843020008430200080C
:1000C00043020008430200084302000843020008FC
:1000D00043020008430200084302000843020008EC
:1000E00043020008430200084302000843020008DC
:1000F00043020008430200084302000843020008CC
:1001000043020008430200084302000843020008BB
:1001100043020008430200089D58000843020008FB
:100120004302000843020008550A00084302000881
:10013000430200084302000843020008430200088B
:10014000AD0900084302000843020008430200080A
:10015000430200084302000843020008430200086B
:10016000430200084302000843020008430200085B
:100170004302000843020008430200080000000098
:10018000430200084302000800F002F800F03CF8C7
:100190000AA090E8000C82448344AAF10107DA45E2
:1001A00001D100F031F8AFF2090EBAE80F0013F0F8
:1001B000010F18BFFB1A43F00103184758960000BF
:1001C00078960000103A24BF78C878C1FAD8520750
:1001D00024BF30C830C144BF04680C6070470000C1
:1001E0000023002400250026103A28BF78C1FBD840
:1001F000520728BF30C148BF0B6070471FB509F0D8
:100200000EFA1FBD10B510BD00F07AF91146FFF7C8
:10021000F5FF06F0C5FC00F098F903B4FFF7F2FF14
:1002200003BC00F09BF900000948804709480047DB
:10023000FEE7FEE7FEE7FEE7FEE7FEE7FEE7FEE796
:10024000FEE7FEE704480549054A064B70470000F3
:100250008958000889010008D8700020D8B0002013
:10026000D8900020D890002053EA020C00F069805A
:100270002DE9F04B4FF00006002B1FBFB3FA83F5BA
:1002800003FA05F424FA05F65E4012BF1643B2FAEB
:1002900082F502FA05F4C5F120051EBF22FA05FC1D
:1002A00044EA0C04203556EA044C4FEA144418BFC3
:1002B000641C4FF000084FF00009904271EB030CF2
:1002C00039D3002919BFB1FA81F701FA07F6B0FA5C
:1002D00080F700FA07F6C7F120071EBF20FA07FCD7
:1002E00046EA0C062037B6FBF4FCA7EB0507103FE7
:1002F00007F01F0BCBF120062CFA06F60CFA0BFBCD
:1003000044BFB3460026202FA4BF5E464FF0000B2B
:100310005BEA060C08BF4FF0010B19EB0B0948EB29
:100320000608ABFB027C06FB02CC0BFB03CCC01B1C
:1003300071EB0C01C1E70B46024641464846BDE859
:10034000F08B13B5084318BF4FF0FF300146AFF3F1
:100350000080BDE81C40704710B5431C02E010F857
:10036000011B71B18107FAD14FF0013202C88C1A1A
:100370008C4314EAC211F9D0C01A0A0603D0C01E79
:1003800010BDC01A10BD0A0401D0801E10BD0902A4
:10039000FCD0401E10BD032A40F2308010F0030C48
:1003A00000F0158011F8013BBCF1020F624498BFC8
:1003B00011F801CB00F8013B38BF11F8013BA2F165
:1003C000040298BF00F801CB38BF00F8013B11F0E0
:1003D000030300F05A80083AC0F0088051F8043B4B
:1003E000083A51F804CBA0E80810F5E7121D5CBFED
:1003F00051F8043B40F8043BAFF30080D20724BF20
:1004000011F8013B11F801CB48BF11F8012B24BFB3
:1004100000F8013B00F801CB48BF00F8012B704702
:100420004FF0000200B5134694469646203922BF8D
:10043000A0E80C50A0E80C50B1F12001BFF4F7AFD8
:10044000090728BFA0E80C5048BF0CC05DF804EBBA
:10045000890028BF40F8042B08BF704748BF20F828
:10046000022B11F0804F18BF00F8012B7047704726
:100470007047704710B500F03BF8006810BD10B52C
:10048000044600F035F8046010BD10B5203AC0F005
:100490000B80B1E81850A0E81850B1E81850A0E857
:1004A0001850203ABFF4F5AF5FEA027C24BFB1E8F0
:1004B0001850A0E8185044BF18C918C0BDE8104033
:1004C0005FEA827C24BF51F8043B40F8043B08BF3C
:1004D0007047D20728BF31F8023B48BF11F8012B03
:1004E00028BF20F8023B48BF00F8012B70470000EE
:1004F00000487047A800002000487047A80000206E
:100500007546FFF7F9FFAE4605006946534620F0F1
:100510000700854618B020B5FFF794FEBDE82040DF
:100520004FF000064FF000074FF000084FF0000BAF
:10053000AC46ACE8C009ACE8C009ACE8C009ACE81E
:10054000C00921F007018D46704710B50446AFF38E
:1005500000802046BDE81040FFF75FBE014918202B
:10056000ABBEFEE726000200704700004FF07E5150
:100570000022C0E90012C0E90222704780B591EC68
:10058000030AD2EC031A93EC033A03F089FE80BD10
:1005900080B505F0EFFE05F05BFE05F0CDFD06F041
:1005A0001FFB07F0E7FB002007F042FD80BD0000C5
:1005B00080B50020C4F202001021012201F016FCD7
:1005C00080BD000080B50020C4F20200102100228E
:1005D00001F00CFC80BD00007047000080B506F003
:1005E00075FC80BD80B505F0E3FE80BD704700005E
:1005F00080B540F20040C4F202000121012201F066
:10060000F5FB80BD80B540F20040C4F2020001213C
:10061000002201F0EBFB80BD10B5FFF7E7FFFFF70D
:10062000DBFF05F05DFB08B1802402E005F0D0FAA5
:10063000044605F01BFD00281CBF44F0400010BD1F
:1006400005F098FC204310BD2DE9F04182B0002454
:1006500090460E460546CDE90044FFF7B3FF9220D1
:1006600000F0BEF86F4612203946062200F096F8D8
:10067000FFF79EFFBDF9000040F2A663C2F200033F
:10068000188000EE100A40F20000C2F2000090ED67
:10069000001AB8EEC00ABDF90210BDF9042021EE1F
:1006A000000A86ED000A00EE101A90ED001A02EE24
:1006B000102A40F2A863B8EEC00A40F2AA60B8EE71
:1006C000C22AC2F2000321EE000AC2F2000021EEAB
:1006D000021A1980028086ED010A86ED021AFFF7E0
:1006E00091FF00203946082200F058F8FFF780FFFC
:1006F0009DF800000F2825D1BDF90200BDF90410B6
:1007000000EE100A40F20400C2F2000090ED001A60
:10071000B8EEC00ABDF9062021EE000A85ED000AF8
:1007200000EE101A90ED001A02EE102AB8EEC00A80
:10073000B8EEC22A21EE000A21EE021A85ED010A66
:1007400085ED021AFFF73EFFA22000F049F8694646
:100750002220022200F022F8FFF72AFF9DF8000075
:100760009DF80110C00040EA51104FF60001CFF68D
:10077000FF71B4EB902F18BF084300EE100AB8EEDB
:10078000C00AB4EE001A20EE010AB3EE071A30EEEA
:10079000010A88ED000A02B0BDE8F081B0B540F072
:1007A000800014460D4600F01BF8002C08BFB0BDB9
:1007B000013D00BF552000F013F8013C210605F86B
:1007C000010FF7D1B0BD000010B540F080000C461D
:1007D00000F006F8552000F003F8207010BD00006E
:1007E00080B582B08DF8070040F6C4004FF47A7CE3
:1007F000C2F200000DF107010DF106020123CDF850
:1008000000C002F03BFB9DF8060002B080BD000076
:1008100010B50C46FFF7E4FF2046FFF7E1FF10BDDF
:10082000B0F9003040F2000CC2F2000C00EE103AB9
:100830009CED001AB8EEC00A21EE000A81ED000A14
:10084000B0F902309CED001A00EE103AB8EEC00A82
:1008500021EE000A81ED010AB0F9043000EE103AF1
:10086000B8EEC00A21EE000A81ED020AC37981794F
:10087000007A1B0243EA0040084400EE100A9FED94
:10088000041AB8EE400A20EE010A82ED000A704711
:1008900000401C42B0F9002000EE102A40F2040291
:1008A000C2F2000292ED001AB8EEC00A21EE000A70
:1008B00081ED000AB0F9023092ED001A00EE103A14
:1008C000B8EEC00A21EE000A81ED010AB0F9040079
:1008D00000EE100AB8EEC00A21EE000A81ED020A0D
:1008E0007047000002784078D20042EA50104FF67C
:1008F00000020023CFF6FF72B3EB902F18BF104316
:1009000000EE100AB8EEC00AB4EE001A20EE010A9A
:10091000B3EE071A30EE010A81ED000A70470000BD
:10092000FEE7000090B00DF11C0A40F20C1B0AF12A
:100930001C00C2F2000B40F2751840F22529069007
:1009400003E000BF069805F051FDDBF800005146BA
:100950004FF0FF3207F0AEFF07984045F2D0484510
:10096000F3D108AD0DF1300C2ECD9CE8D0100DF177
:10097000080ECDE900548EE8C01000F015FAE4E747
:1009800080B540F26070C2F2000000F01FFD80BD33
:100990008AB040F21415C2F2000501AC2868214665
:1009A0004FF0FF3207F086FFF8E7000080B540F215
:1009B0008870C2F2000000F009FD80BD10B58AB059
:1009C000002040F26074CDE905000121CDE900006E
:1009D000CDE9020004900E20C2F20004CDE9071117
:1009E00009906946204600F0F1FB204600F052FFD6
:1009F0002046022100F0D6FB0AB010BD10B58AB027
:100A00000E2040F28874059000200121C2F20004FB
:100A10000690CDE90000CDE902000490CDE9071170
:100A20006946204600F0D2FB204600F033FF204606
:100A3000022100F0B7FB0AB010BD000082B008F040
:100A400017F901AC019000BF2046C82107F09CFABD
:100A5000FAE70000B0B540F6C400C2F20000C16C75
:100A600046F2A040C4F202000968A0F1480246F232
:100A70009F059142C4F2020502D950F89C3C11E056
:100A800046F25803C4F2020303F16004A14202D902
:100A9000D3F8A83306E0994202D953F8543C01E058
:100AA00053F8583CA9424FF0200414DD46F23F456C
:100AB000C4F20205A94223DC46F2A005C4F20205F5
:100AC000A9422CD046F21045C4F20205A94237D003
:100AD00046F228452EE046F23F05C4F20205A9423F
:100AE00020DD46F24005C4F20205A94217D046F2C5
:100AF0007005C4F20205A94222D046F2880519E029
:100B000046F24045C4F20205A94208D046F27045BB
:100B1000C4F20205A94213D046F288450AE04FF418
:100B200000140DE046F21005C4F20205A94207D0F8
:100B300046F22805C4F20205A94278D14FF40064B8
:100B40002340002B00F0E880914210D946F2704219
:100B5000C4F20202914246D046F28842C4F2020236
:100B6000914244D14FF4006240F8942C7EE046F26A
:100B70005802C4F2020202F16003994218D946F207
:100B80001042C4F20202914258D046F22842C4F206
:100B90000202914256D046F24042C4F20202914211
:100BA0000CBF4FF400114FF0006140F8981C5DE05D
:100BB000914225D946F27000C4F20200814246D02B
:100BC00046F28800C4F20200814244D046F2A000FE
:100BD000C4F2020081420CBF4FF400104FF00060DD
:100BE00042F84C0C42E0202240F8942C3EE04FF0BA
:100BF0000062814208BF4FF4001240F8942C35E0A7
:100C000046F21000C4F20200814229D046F22800C8
:100C1000C4F20200814225D046F24000C4F2020034
:100C200081420CBF4FF400104FF000601CE04FF009
:100C30000064814208BF4FF4001481E7202140F88E
:100C4000981C13E04FF4006140F8981C0EE020203F
:100C500042F84C0C0AE04FF4006042F84C0C05E0FE
:100C6000202001E04FF4006042F8500C40F25C7527
:100C7000C2F20005287800248007C4F202040DD5D2
:100C80002878012100F0FD0028702878012240F02A
:100C90000400287004F5806001F0A8F840F2A56017
:100CA000C2F20000017889070CD50178012201F019
:100CB000FD010170017841F004010170204610210E
:100CC00001F094F840F2A460C2F2000001788907B4
:100CD0000CD50178012201F0FD010170017841F08D
:100CE000040101702046102101F080F805F0A0FDFC
:100CF0002878400758BFB0BD287800F0FB00287066
:100D0000287840F00800287043F61040C4F2010033
:100D1000016841F001010160B0BD0000D0F800C0E1
:100D20006FF00F024AF6AB2352FA8CF2CAF6AA23EE
:100D30000146A2FB0330000905A31B5C40F2FF3013
:100D40002CEA00005F2A88BF0430C1E9160370470F
:100D500000061016000610168269816AB2F5005F5F
:100D600006D06AB9022912D0012914D0D1B90EE0F7
:100D7000032917D8DFE801F0020B020F01207047AA
:100D800003293CBF012070471CBF00207047C06A88
:100D9000C0F300607047C06AA0F1C070B0FA80F084
:100DA00040097047002070472DE9F04381B0DDE92C
:100DB0000B2140F2981602F47F40C2F3074502F07F
:100DC0000F03C2F303172844150D0A09C1F30724C2
:100DD0009FED1D0ADFED1D0AC1F307494FEA1168B7
:100DE000C2F2000662F3030561F30B241021C6E989
:100DF0000037C6E90205346106F0D8FE86ED070A21
:100E0000BBEE0E0AF3EE0E0A28460C2106F0CEFECB
:100E100086ED090ABAEE040AF2EE040A20460C2115
:100E200006F0C4FE86ED0A0A00EE109A01EE108A62
:100E3000B8EE400AB8EE411A86ED0E0A86ED0F1A9A
:100E400001B0BDE8F08300BFC3F548C0C3F548401A
:100E50007047000080B5012000F0E6FE80BD000074
:100E600080B5082000F0E0FE80BD000080B51020B5
:100E700000F0DAFE80BD000080B5202000F0D4FE36
:100E800080BD0000EFF3108072B600BFFEE70000E7
:100E900040F22420C2F2000090ED022A9FED2C3A8D
:100EA00090ED001A9FED2B4A40F26C1022EE032ABF
:100EB00040F2302121EE030AC2F2000032EE042A91
:100EC000C2F2000130EE040A80ED012A91ED022AFF
:100ED00091ED004A40F2F811C2F2000122EE032A1D
:100EE00081ED001A90ED021A24EE033A80ED082AF3
:100EF0009FED192A80ED093A30EE413A40F2002187
:100F0000B4EE423AC2F20001F1EE10FA80ED000AAE
:100F100081ED014A02DA01690131016131EE401AC5
:100F2000B4EE421AF1EE10FA02DA016901390161F8
:100F300090ED041A9FED092AB8EEC11A21EE021AAB
:100F400030EE011A80ED061A80ED020A704700BFEC
:100F5000E02E654200003443000096C30000B44315
:100F600080B543F61043C4F20203D3F800C04FF437
:100F7000407E2CF440721A601A68032938BF4FEA89
:100F8000012E42EA0E011960196821F0F80119607A
:100F9000196841EAC00040F002001860186840F487
:100FA0008030186080BD000043F60040C4F20200AB
:100FB000016889050FD5016821F40071016001689D
:100FC00041F400610160016821F400610160016881
:100FD00041F4007101600168490558BF704701681C
:100FE00021F480610160016841F480510160016871
:100FF00021F480510160016841F480610160704713
:1010000043F61041C4F202010A6822F440720A60F9
:101010000A6842F004020A600A6842EA002040F4CA
:10102000803008607047000043F61042C4F20202AC
:10103000136823F44073136013681360136843F05C
:10104000010313600170704780B543F6104EC4F27F
:10105000020EDEF800C02CF44071CEF80010DEF86D
:10106000001041F44071CEF80010DEF8001041F09D
:101070000101CEF800100260BFF36F8F436080BDA6
:1010800043F61042C4F20202136823F44073136063
:10109000136843F480731360136843F00103136013
:1010A0000180704743F61042C4F20202136823F431
:1010B00040731360136843F400731360136843F0C4
:1010C000010313600160704743F60C40C4F2020054
:1010D0000168C90640F6D431C2F2000105D5CA69DB
:1010E00042F01002CA61102202600268920605D521
:1010F000CA6942F00802CA612022026002685206F0
:1011000005D5CA6942F00402CA6140220260026841
:10111000120605D5CA6942F00202CA618022026045
:101120000268920758BF7047CA6942F02002CA613C
:101130000221016070470000F0B581B0044640F61E
:10114000D43043F60C46C2F200000021C4F202067D
:10115000C16100F051FE3168C9030DD43068C00789
:101160001CBF01203060306810F0F20F0BD0FFF789
:10117000ABFF012001B0F0BD0546671C06D054B995
:10118000032001B0F0BD002001B0F0BD3068C00305
:10119000E4D5002FFAD000F02FFE401BA042F5D975
:1011A000EEE7000090F82020013A012A04D80068F8
:1011B00000F11402002004E000F1240201204FF4A9
:1011C000802113681943116070470000B0B590F892
:1011D0002020013A012A2FD846F20060C4F2000014
:1011E000026842F001020260026822F47C5202604E
:1011F000D1F814E0CC694A6A0368012C43EA022260
:1012000002600EF01F024FF0010303FA02F2C369FD
:101210006FEA020C23EA0203C36113D02CBBC3683C
:1012200003EA0C03C360CB688C8844EA034300EBF9
:10123000CE0423640B4611E0416A41F480214162EF
:101240000120B0BDC3681343C3600B688C8844EAB7
:10125000034300EBCE04236401F10C038C681B886C
:1012600043EA044300EBCE04636443688D6943EAB8
:101270000204D1F810E0096A002D08BF03EA0C044B
:1012800044604369BEF1000F43EA020408BF03EA69
:101290000C040129446102D1C1691143C161016893
:1012A00021F0010101600020B0BD00007047000086
:1012B00010B590F82040013C012C0CD8D0F800C0AB
:1012C00079B1DCF81040A4070FD100F1240101200E
:1012D0004FF4001270E000F1240101204FF480224D
:1012E0006AE0DCF80C40A4076AD0046804EB011C37
:1012F000DCF8B0410CF5D87E14F004049460DCF8FE
:10130000B04119BFE4085460640D1460DEF8004079
:10131000002904F00204D460DCF8B44104F00F04A6
:101320001461DCF8B441C4F307249461DCF8B441DF
:101330004FEA14445461DCF8B8211A70026802EBD9
:101340000112D2F8B8214FEA12225A70026802EB59
:101350000112D2F8B8214FEA12429A70026802EBE9
:101360000112D2F8B8214FEA1262DA70026802EB79
:101370000112D2F8BC211A71026802EB0112D2F8F4
:10138000BC214FEA12225A71026802EB0112D2F814
:10139000BC214FEA12429A71026802EB0112D2F8A4
:1013A000BC214FEA1262DA71006814BF00F110012B
:1013B00000F10C01002020220B681A430A6010BDC6
:1013C00000F1240101204FF40012F5E72DE9F04F60
:1013D00081B0044600684669D0F804908768D0F868
:1013E0000CB0D0F810A0D0F81880F10703D1002578
:1013F00030071CD423E0F90710D00121BA0781601F
:1014000009D4780700F1AA80380700F1B08020469F
:1014100000F06EFA02E0204600F06CFA0025F805B4
:1014200000F18480F80300F1AA80300707D51BF093
:10143000100004D0206845F400751021C1607007C9
:1014400008D51BF0080005D020680821C16020469F
:1014500000F0E4F9B00706D52068C068800702D024
:10146000204600F0DDF9700607D51AF0100004D010
:10147000206845F4806510210161B00608D51AF096
:10148000080005D0206808210161204600F0FCF921
:10149000F00606D520680069800702D0204600F0DB
:1014A000F5F9B00308D519F0100005D02068102117
:1014B0004160204600F0ECF9F00308D519F008006F
:1014C00005D0206808214160204600F01DFA300454
:1014D00040F18F805FEA497040F1888006F48070A7
:1014E00008EA102028435FEA8871014648BF41F0AE
:1014F0000201B20558BF01465FEA48700D4648BF79
:1015000045F00405700558BF0D4630056ED518F03E
:1015100070006BD010380009052862D8DFE800F0B1
:10152000035356595C5F45F008055AE020684FF4B4
:101530008071BA0581600AD4780512D4380519D4AF
:10154000204600F0D9F9F8037FF56FAF17E0204689
:1015500000F0D4F9F8037FF568AF10E04FF40065B0
:101560005DE705F50055F8037FF55FAF07E04FF441
:10157000805554E705F58045F8037FF556AF2068A0
:101580004FF48031BA0381600AD478030FD4380352
:1015900013D4204600F0B4F930073FF548AF4EE7CA
:1015A000204600F0AFF930073FF541AF47E705F5BA
:1015B000004530073FF53BAF41E705F58035300783
:1015C0003FF535AF3BE745F010050AE045F0200553
:1015D00007E045F0400504E045F0800501E045F4F2
:1015E00080752068816921F0700181612068042183
:1015F00041602DB1606A284360622046FFF756FEC5
:1016000001B0BDE8F08F0000B0B5C8B1044690F855
:10161000200010B9204600F071F82068016841F000
:101620000101016000F0E8FB054600BF2068416849
:10163000C90707D100F0E0FB401B0B28F6D312E0EE
:101640000120B0BD016821F00201016000F0D4FB6F
:10165000054600BF2068416889070DD500F0CCFB26
:10166000401B0B28F6D3606A052140F4003060620D
:10167000012084F82010B0BD217E0268012922F0EB
:10168000800208BF80320260617E0268012922F078
:10169000400208BF40320260A17E0268012922F0A8
:1016A000200208BF20320260E17E0268012922F098
:1016B000100218BF10320260217F0268012922F057
:1016C000080208BF08320260617F0268012922F027
:1016D000040208BF04320260D4E901C2D4E9033530
:1016E00061691A432A431143ACF101021143C161FC
:1016F00000200121606284F82010B0BD10B586B0D2
:10170000006846F60002C4F2000200219042CDE9D2
:101710000411CDE90211019134D046F20041C4F226
:101720000001884277D140F20C21C2F200010A6820
:1017300043F64000C4F20200531C0B6052B9002172
:101740000091016841F000710160016801F00071D1
:10175000009100990021009150F8101C142441F0D0
:10176000080140F8101C50F8100C00F00800009020
:1017700000980320019040F20040C4F2020000F5FE
:10178000006035E043F64000C4F2020000910168B9
:1017900041F080610160016801F080610091009971
:1017A00040F20C21C2F200010A68531C0B6052B9CE
:1017B00000210091016841F000710160016801F0B1
:1017C0000071009100990021009150F8101C4024F4
:1017D00041F0020140F8101C50F8100C00F002001B
:1017E000009000986020019040F20040C4F2020096
:1017F0000221029100210391032104910921059105
:1018000001A900F01FFA20460521002200F068FE21
:10181000204600F061FE06B010BD000070470000D9
:1018200010B5016846F60002C4F20002914215D0DC
:1018300046F20042C4F20002914218BF10BD40F2CD
:101840002014C2F2000404F11C0300212246FFF719
:101850002FFD40F20C10C2F200000DE040F24414E3
:10186000C2F2000404F11C0300212246FFF720FD10
:1018700040F21410C2F2000000682146002200234A
:1018800006F0B0FF10BD0000704700007047000078
:1018900070470000B0B5044690F8200001281DD123
:1018A000022084F820002068016821F00101016015
:1018B00000F0A2FA054600BF20684068C00713D0B8
:1018C00000F09AFA401B0B28F6D3606A40F400300F
:1018D0006062052084F820000120B0BD606A40F4F9
:1018E000002060620120B0BD00206062B0BD000039
:1018F000704700007047000070470000704700000C
:101900007047000070470000704700002DE9F0416B
:10191000044600F071FAC4B10546022084F835008F
:101920000020216884F83400086820F00100086075
:1019300026683068C0070BD000F05EFA401B05280F
:10194000F6D903212022032042E00120BDE8F081E6
:10195000306848F23F01CFF21001251D00EA010C6A
:101960002ECDD4E9050E41EA0C0111431943294358
:10197000D4E90778084340EA0E01606A3943042835
:1019800041EA080103D1D4E90B2311431943316023
:101990007169042821F0070141EA00050CD1D4E95E
:1019A0000A1045EA010538B12046FFF7D5F918B10C
:1019B0000121402201200BE020467561FFF7AEF9BE
:1019C000E16D3F2202FA01F1816000220121002035
:1019D000626584F83510BDE8F0810000B0B50446BA
:1019E00000F00AFA054640F29800C2F200000078C2
:1019F000611C18BF044400BF00F0FEF9401BA04268
:101A0000FAD3B0BD2DE9F04381B040F6D438C2F22C
:101A1000000898F81820012A01D1022647E005465F
:101A2000012088F818004CF250300C46FFF784FB78
:101A30000646C8BB4FF0FF3020602868012810D14F
:101A4000287CFFF7DDFA4CF25030FFF775FB43F6C8
:101A50001041C4F202010A68064622F00400086040
:101A600020E0D5E90270384487421BD243F6104982
:101A7000C4F20209297C3846FFF772FA4CF2503062
:101A8000FFF75AFBD9F80010064621F0FA00C9F812
:101A9000000036B9D5E90201013708448742E9D38D
:101AA00000E02760FFF780FA002088F81800304631
:101AB00001B0BDE8F083000043F61041C4F202011A
:101AC000086840F0004200200A6070472DE9F041AC
:101AD00040F6D438C2F20008144698F81820012ABB
:101AE00004BF0220BDE8F0810746012088F81800F5
:101AF0004CF250301E460D46FFF71EFB20BB022F56
:101B000007D0012F0AD077B9E1B22846FFF78CFA47
:101B10000EE028462146FFF7C5FA09E0A1B22846A3
:101B2000FFF7AEFA04E0284622463346FFF78CFA68
:101B30004CF25030FFF700FB43F61041C4F20201B3
:101B40000A6822F001020A60002188F81810BDE836
:101B5000F081000043F60440C4F20200C168B1F114
:101B6000FF3FC4BF0020704740F22311C4F2675109
:101B7000016048F6AB11CCF6EF510160C068C00FB0
:101B80007047000010B501282DD020281AD0102849
:101B900048D140F2A560C2F20000017841F0010195
:101BA000017040F2A460C2F20000017841F001012E
:101BB000017040F60420C2F20000007890B304F0F7
:101BC00037FE10BD40F25C70C2F20000017841F0B7
:101BD0000101017040F60420C2F20000007808B351
:101BE00004F026FE10BD07F02FF801281AD040F2AD
:101BF0005820C2F2000040F208240068C2F200043B
:101C0000214606F0A3FA2068002808BF10BD4EF652
:101C10000450CEF200004FF080510160BFF34F8FAF
:101C2000BFF36F8F10BD000080B543F61441C4F2BE
:101C300001010A68024208BF80BD0860FFF7A2FFE9
:101C400080BD00002DE9F04F83B000F13E4202F16B
:101C5000FF724FEAB22241F600470192C4F2020736
:101C600008224FF0010E00254FF0000A4FF0000847
:101C7000B84208BF072200920AE000BF08F101083D
:101C80000AF1040AB8F1100F05F1020500F0A48072
:101C90000C680EFA08FB14EA0B09EFD04C6804F04C
:101CA000030CACF1010EBEF1010F11D803228768BD
:101CB00002FA05F6CA68B743AA403A43826042680E
:101CC000C4F3001722EA0B0207FA08F73A4342600E
:101CD000BCF1030F1CD0C26803238E6803FA05F71A
:101CE000BA4306FA05F73A43BCF1020FC2600FD1BE
:101CF0006FF0030202EA580202440AF01C060F23A6
:101D0000176A03FA06F40B69A743B3403B43136217
:101D1000026803234F68AB409A4307F00303AB40CC
:101D20001A4317F4403F4FF0010E0260A6D0002284
:101D300043F644030292C4F202031A6843F60044D5
:101D400042F480421A601A68C4F2010402F480422C
:101D50000292029A28F003024FF6084B2244CFF673
:101D6000FF7B52F80B300AF00C070F26BE4023EA27
:101D7000060C019B009E072B38BF1E4606FA07F78C
:101D800047EA0C0342F80B30A2684B6842EA0907A5
:101D900043F60C4CDE0258BF22EA0907A760C4F2E2
:101DA000010CDCF800209E0242EA090758BF22EA33
:101DB0000907CCF8007062689E0342EA090758BF21
:101DC00022EA090767602268DB0342EA090358BF79
:101DD00022EA0903236051E703B0BDE8F08F000059
:101DE0000069084018BF012070470000002A08BFA2
:101DF000090481617047000046F60810C2F2000035
:101E000000687047F0B581B0B0B3044690F83D006B
:101E100028B9002084F83C00204600F05DFA242018
:101E200084F83D002068016821F00101016001682B
:101E300041F400410160016821F40041016000F0BB
:101E400039FC48F28041C0F21E0140F6001265687C
:101E500088424FF00001C0F23D0248F2A16C4FF001
:101E6000000338BF01219042C0F2010C38BF0123AA
:101E7000654538BF0B4613B1012001B0F0BD4DF6EA
:101E80008361C4F21B31A0FB011221684FEA924E1C
:101E90004B684FF4967623F03F0343EA92434B603E
:101EA00044F6D3530F6A0EFB06F6C1F26203A6FB9B
:101EB000033627F03F03B709654538BF970C7A1CF6
:101EC0001A430A62CA6948F2A0674CF6FF73C0F26F
:101ED0000107BD4222EA030C0AD801386A00B0FBB0
:101EE000F2F001306FF31F30042898BF04202BE07C
:101EF000A368A0F1010E9BB119206843BEFBF0F06E
:101F00000422013062F31F30000512D09BB119206A
:101F10006843BEFBF0F00422013062F31F3011E091
:101F200005EB4500BEFBF0F001306FF31F300005FC
:101F3000ECD1012008E005EB4500BEFBF0F00130DC
:101F40006FF31F3040F4004040EA0C00C86108689D
:101F5000D4E9072320F0C0001043184308608868C4
:101F600048F2FF3204F10C0790438CCF1843104322
:101F7000A6698860C86820F0FF0038433043C86015
:101F8000086840F00100086000202021206484F8E7
:101F90003D10206384F83E0001B0F0BD2DE9F04310
:101FA00083B01F4616460D460446FFF725FF94F8FA
:101FB0003D1020290FD102218146C0F21001204698
:101FC00001221923CDF8009001F092FB18B994F882
:101FD0003C00012803D1022003B0BDE8F0830121B9
:101FE000226884F83C101368DDE90B080A99DB07C6
:101FF00003D1136843F001031360136823F40063F3
:102000001360222284F83D20402284F83E200022E2
:10201000226461626085608D294620850020CFF6AC
:10202000FF70E062204632463B46CDF80080CDF896
:10203000049001F047FA18B1012003B0BDE8F08325
:10204000208D022806D0012810D000BB002002906D
:10205000206812E02068016821F480610160016855
:1020600041F4006101600021029113E020680168E1
:1020700021F480610160002102914169029181692E
:1020800002910299016841F40071016007E00020AB
:102090000290206841690291806902900298208D27
:1020A000002877D00427C0F2010716E020464146F9
:1020B0004A4601F09DFB0028BED12068616A006994
:1020C0000870606A218D01306062481E2085608D35
:1020D00001386085208D00285CD003283ED8022876
:1020E0001CD00128E2D02046394600224346CDF8D4
:1020F000009001F0FDFA00289ED12068616A026814
:1021000022F48062026000690870606A218D0130EB
:102110006062481E2085608D013860852046394602
:1021200000224346CDF8009001F0E2FA00287FF447
:1021300083AF2068616A026842F40072026000693D
:102140000870606A2268411C6162218D0139218515
:10215000618D0139618511694170B2E720464146C0
:102160004A4601F045FB00287FF466AF2068616AAB
:1021700000690870606A228D0130013A6062228530
:102180002168628D013A62854A695207A2D50969C0
:10219000017096E7202084F83D00002084F83E007E
:1021A00084F83C0003B0BDE8F08300002DE9F04363
:1021B00083B0994616460F460446FFF71DFE94F875
:1021C0003D1020290ED102210546C0F21001204603
:1021D00001221923009501F08BFA18B994F83C00FC
:1021E000012803D1022003B0BDE8F0830121226859
:1021F00084F83C101368DDE90B080A99DB0703D16A
:10220000136843F001031360136823F40063136041
:10221000212284F83D20402284F83E2000222264BE
:1022200061626085608D394620850020CFF6FF70A1
:10223000E062204632464B46CDF80080019501F021
:10224000C7F930B3012003B0BDE8F0832046414612
:102250002A4601F0FDFA28BB606A2168034613F89C
:10226000012B0A61228D6362571E2785638D3F040F
:10227000A3F1010363854B6918BF13F0040308D071
:10228000437802300B616062901E2085608D0138BA
:102290006085208D0028D9D1204641462A4601F08C
:1022A000F7F940B1206C0428CCD12068016841F4D2
:1022B00000710160C6E72068016841F400710160A7
:1022C000202084F83D00002084F83E0084F83C0083
:1022D00003B0BDE8F08300002DE9F04786B045F675
:1022E00000460068C4F200060025B0420595CDE91D
:1022F00003550295019502D006B0BDE8F08743F67C
:1023000030070095C4F20207386801AC40F00400C1
:10231000386038684FF0120800F004000090009810
:10232000009538684FF0030940F0010038603868C4
:102330004FF0040A00F00100009000984FF4007084
:10234000019006F5D6302146CDE90285CDF81090F2
:10235000CDF814A0FFF776FC4FF48070CDE90108AA
:1023600003A880E8200606F5D2302146FFF76AFC74
:102370000095386940F400003861386900F40000C5
:102380000090009806B0BDE8F087000040F2980089
:1023900046F60811C2F20000C2F2000100780A6895
:1023A000104408607047000080B543F60040C4F256
:1023B0000200016841F400710160016841F480612C
:1023C0000160016841F480710160032000F098F819
:1023D0000F2000F005F800F05BF8002080BD000041
:1023E00070B586B0002543F640010195C4F20201A4
:1023F0000A68044642F010020A60096801A801F068
:10240000100101910199694600F02EF9049E002EF9
:1024100018BF012600F04EF94DF68361B040C4F2BA
:102420001B31A0FB01014FF0FF3000EB914140F662
:10243000BC1041F20002C2F20000C4F2000240F2FD
:10244000E733C0E90021C0E902530561856100F06E
:102450000BFE0546C0B940F6BC10C2F2000000F009
:102460004DFE054680B9362000F036F80F2C0AD80C
:1024700036202146002200F033F840F29C00C2F2E0
:102480000000046000E00125284606B070BD000091
:1024900080B582B0002043F640010190C4F20201F1
:1024A0004A6842F480424A604A6802F480420192DB
:1024B000019A00900868002240F080500860086887
:1024C0000F2100F08050009000986FF0010000F0A4
:1024D00007F802B080BD000080B503F03FFB80BD6F
:1024E00070B514460D46064603F048FB29462246C1
:1024F00002F024FA0146304603F048FB70BD0000AC
:1025000080B503F055FB80BD2DE9F041002800F0B7
:102510008B8043F60808C4F202080446D8F8F80392
:102520000D4600F00700884207D288F8F853D8F823
:10253000F80300F00700A84276D12068810717D57C
:10254000410705D5D8F8001041F4E051C8F8001053
:10255000010705D5D8F8001041F46041C8F8001013
:10256000D8F80010A26821F0F0011143C8F800105B
:10257000C0073FD1D8F8F80300F00700A84207D9F8
:1025800088F8F853D8F8F80300F00700A8424BD1B8
:102590002068410707D5D8F80010E26821F4E0511F
:1025A0001143C8F80010000708D5D8F800002169C9
:1025B00020F4604040EAC100C8F8000000F08CF848
:1025C000D8F8001049F23472C1F30311C0F60002CA
:1025D000515C40F2080220FA01F140F29C00C2F284
:1025E00000000068C2F200021160FFF7F9FE00204F
:1025F000BDE8F0816068811E022907D258F8081CE6
:1026000089015CBF0120BDE8F08110E0012807D1FD
:1026100058F8081C89035CBF0120BDE8F08106E082
:1026200058F8081C890702D40120BDE8F081D8F8C9
:10263000001021F003010843C8F80000FFF7DCFB9D
:10264000064641F2883700BFD8F80000616800F004
:102650000C00B0EB810F8DD0FFF7CEFB801BB84292
:10266000F2D90320BDE8F0810F22026043F6080290
:10267000C4F20202136803F003034360136803F01B
:10268000F0038360136803F4E053C360D2F800C022
:102690004FF4E05303EADC030361D2F8F80300F0DF
:1026A000070008607047000040F20800C2F2000016
:1026B0000068704780B5FFF7F7FF43F60801C4F2E2
:1026C0000201096849F24472C1F38221C0F6000296
:1026D000515CC84080BD000010B543F60404C4F24C
:1026E0000204606800F00C0008280AD0042819BF12
:1026F00042F20040C0F2F40041F60030C0F2B700F0
:1027000010BD206821682368490241F60031C0F2FB
:10271000B70100F03F02C3F388105CBF42F20041F2
:10272000C0F2F401A1FB00010023FDF79DFD21682B
:102730000222C1F3014102EB4101B0FBF1F010BDF7
:102740002DE9F04182B0002800F0A2800446007814
:1027500043F60006C007C4F2020643D0B06800F09A
:102760000C00042805D1306880033BD56068C8BBE5
:102770008EE0B06800F00C00082802D170684002BA
:10278000F1D46568B5F5A02F0AD0B5F5803F0BD020
:10279000306820F480303060306820F4802006E01B
:1027A000306840F480203060306840F48030306021
:1027B000FFF722FB002D054611D000BF30688003D3
:1027C00010D4FFF719FB401B6428F7D922E100BFA2
:1027D000FFF712FB401B64284FF0030055D8306808
:1027E0008003F5D4207880071AD5B06810F00C0F5C
:1027F00009D0B06800F00C00082840F08A807068AA
:10280000400200F186803068800702D5E068012828
:102810003ED13068216920F0F80040EAC100306004
:102820002078000738D4207840074CD4A5695DB3E0
:10283000B06800F00C00082840F09E80012D27D0E1
:102840007068E16900F480028A4221D1216A00F0B7
:102850003F028A421CD147F6C071626A0140B1EB67
:10286000821F15D1A26A0023CFF6FF7303EBC23299
:1028700000F440316FF30F02914209D1E16A00F098
:102880007060B0EB016F03D1002002B0BDE8F081B1
:10289000012002B0BDE8F0816069002840F200002C
:1028A000C4F2472057D00121C0F8801EFFF7A4FAD8
:1028B000054600BF706F8007B5D4FFF79DFA401B37
:1028C0000228F7D9A6E0306C10F080580AD1002019
:1028D0000190306C40F080503064306C00F08050DB
:1028E0000190019847F20007C4F200073868C0055C
:1028F00024D4386840F480703860FFF77DFA0546CC
:102900003868C0051AD4FFF777FA401B0228F7D9B8
:1029100080E0E068002851D00020C4F24720012167
:102920000160FFF769FA0546306880073FF571AF2F
:10293000FFF762FA401B0228F6D96BE0A568052D67
:1029400050D0012D52D0306F20F001003067306F31
:1029500020F004004DE00021C0F8801EFFF74CFA83
:10296000054600BF706F80077FF55DAFFFF744FA43
:10297000401B0228F6D94DE00027C4F2472700206B
:102980003866FFF739FA022D05460BD13068800111
:1029900058D5FFF731FA401B02284FF00300F5D954
:1029A00073E700BF306880017FF56EAFFFF724FA50
:1029B000401B02284FF00300F4D966E70020C4F260
:1029C000472000210160FFF717FA054630688007AD
:1029D0007FF526AFFFF710FA401B02284FF00300E7
:1029E000F4D952E7306F40F004003067306F40F0A8
:1029F00001003067FFF700FA002D054641F28837E5
:102A000014D000BF306F800713D4FFF7F5F9401BD7
:102A1000B842F7D9032002B0BDE8F081FFF7ECF926
:102A2000401BB8424FF003003FF62FAF306F8007D6
:102A3000F4D4B8F1000F7FF4F9AE306C20F0805080
:102A40003064F3E604F11C052FCD08430021CFF6D6
:102A5000FF7140EA821001EBC3316FF30F0140EACE
:102A600005600843706001203866FFF7C5F9044629
:102A7000306880013FF508AFFFF7BEF9001B022860
:102A80004FF00300F4D900E770B538B10446406A4E
:102A900030B10020206104F1140007E0012070BD76
:102AA0006068B0F5827F03D004F11C000021016052
:102AB0000026A66294F8510020B9204684F85060A0
:102AC00000F03CF8022084F8510094E80F0001F473
:102AD0008271056802F4044225F040050560114446
:102AE00003F400622369114403F002026369114494
:102AF00003F00102A369E569114403F40072114473
:102B000005F03802256A114405F08002A56A1143D8
:102B100005F4005211430160626A042101EA134185
:102B200002F0100211444160C16921F40061C161E9
:102B30000120666584F85100304670BD2DE9F04FE4
:102B400087B00446006843F60001C4F20001002685
:102B50008842CDE90566CDE90366029600F08980DA
:102B600043F20001C4F20101884240F0C580002711
:102B700043F630000197C4F20200416940F200457B
:102B800041F4805141614169C4F2020501F4805170
:102B9000019101990197016802AE41F002010160C3
:102BA000016846F2404801F0020101910199019744
:102BB00001684FF0020941F00101016000684FF027
:102BC000030A00F0010001900198182002904FF0D4
:102BD000050B28463146C4F20208CDE90397CDF82B
:102BE00014A0CDF818B0FFF72DF88020CDE9020928
:102BF00004A880E8800CA5F580603146FFF722F834
:102C000040F2B075C2F200054FF0C0664FF4806923
:102C10002846C5E90086C5E90277C5E90497C5E9F4
:102C20000677C5E90877FEF771FE002818BFFEF7A2
:102C300029F9E564AC6340F6100508F11800C2F20A
:102C400000054021C5E9000605F1080080E8820280
:102C50002846C5E90577C5E907776F62FEF756FE96
:102C6000002818BFFEF70EF9A564AC6307B0BDE8F5
:102C7000F08F43F630000196C4F20200016940F281
:102C8000004441F4804101610169C4F2020401F48D
:102C90008041019101990196016802AD41F4807172
:102CA000016001684FF0020801F4807101910199FF
:102CB000019601684FF0030941F0020101600068CC
:102CC000052700F00200019001980420029004F50D
:102CD000E0502946CDE90386CDF814900697FEF71B
:102CE000B1FF4FF42040CDE9020820462946CDE946
:102CF00004690697FEF7A6FF07B0BDE8F08F000055
:102D00002DE9F04381B0044690F85000012803D12A
:102D1000022001B0BDE8F0834FF001091D461646C0
:102D20000F4684F85090FFF767F894F85110012986
:102D30005DD18046002F4FF0010018BF002E00F03B
:102D40009580032084F85100002060652763A686E3
:102D5000E686A063A087E087A168C4E91000B1F50A
:102D6000004F08D12068016821F04001016001682E
:102D700041F48041016020680168490603D401687C
:102D800041F0400101606168731EE268B1FA81F1AF
:102D9000B3FA83F349095B09B2F5006F41EA030115
:102DA00027D139B1216B0988C160B81C2063E08E3E
:102DB0000138E086E08E002841D06E1C0AE000BF9A
:102DC000216B31F8022BC2602163E08E0138E0866E
:102DD000E08EA0B3206881688907F1D4FFF70CF872
:102DE000002EF5D0A0EB0800A842F1D325E0022088
:102DF0003CE039B139780173206B01302063E08EFB
:102E00000138E086E08ED0B16E1C0AE0216B0978B3
:102E10000173206B01302063E08E0138E086E08E84
:102E200068B1206881688907F0D4FEF7E5FF002EBD
:102E3000F5D0A0EB0800A842F1D3032016E020460D
:102E40002946424602F00AFC00281CBF202060658B
:102E5000A06838B9002000902068C168009180689F
:102E600000900098606D002818BF0120002184F8B0
:102E7000519084F8501001B0BDE8F0832DE9F04383
:102E800081B0044690F85000012803D1022001B01F
:102E9000BDE8F08301201E4615460F4684F8500019
:102EA000FEF7AAFF94F85110814601290CD0606802
:102EB000B0F5827F76D104294FF0020040F0C68041
:102EC000A168002940F0C280002F4FF0010018BF18
:102ED000002D00F0BB80002E00F0B88094F8510067
:102EE000002104281CBF052084F851006165A563FA
:102EF000E687A6872763E6862068A6862164616444
:102F00000168490603D4016841F04001016061682D
:102F1000731EE268B1FA81F1B3FA83F3DDF8208021
:102F200049095B09B2F5006F41EA03013CD139B1AF
:102F3000216B0988C160B81C2063E08E0138E086EF
:102F4000012608F1010500BFE08E10B9E08F0028CE
:102F500066D02068816889070CD5E18E012E09D1E1
:102F600041B1216B002631F8022BC2602163E18E52
:102F70000139E1868168C9070AD0E18F41B1C06893
:102F8000A16B012621F8020BA163E08F0138E087D5
:102F9000FEF732FF002DD7D0A0EB09004045D3D378
:102FA000032053E0022051E039B139780173206BDE
:102FB00001302063E08E0138E086012608F101052A
:102FC000E08E08B9E08F58B32068816889070DD575
:102FD000E18E012E0AD149B1216B002609780173D7
:102FE000206B01302063E08E0138E0862068816824
:102FF000C9070BD0E18F49B1C068A16B01260870E9
:10300000A06B0130A063E08F0138E087FEF7F4FE8B
:10301000002DD5D0A0EB09004045D1D3032015E009
:10302000204641464A4602F019FB18B1202060654F
:1030300001200BE0A06800284FF0000006D10090AE
:103040002168CA680092896800910099012184F87A
:103050005110002184F8501001B0BDE8F083000049
:103060007047000070470000002804BF012070472F
:1030700010B5044690F83D0028B9002084F83C00C3
:10308000204600F01FF8022084F83D002068211D32
:1030900002F00CFC012084F8460084F83E0084F81D
:1030A0003F0084F8400084F8410084F8420084F82E
:1030B000430084F8440084F8450084F83D00002073
:1030C00010BD000081B0006844F20041C4F201016B
:1030D000884201D001B070470020009043F64400C0
:1030E000C4F20200016841F400310160006800F49C
:1030F00000300090009801B07047000090F83D103B
:1031000001291CBF01207047022180F83D10006892
:1031100041F2FF72C168C4F20002904241F0010125
:10312000C1600DDC40F2FF71C4F20001884215DC81
:10313000B0F1804F29D040F20041C4F2000122E0FA
:1031400040F2FF31C4F20101884212DC41F6000175
:10315000C4F20001884218D0002112E040F60001BC
:10316000C4F20001884210D040F60041C4F20001D0
:1031700009E044F20001C4F20101884205D040F2A6
:103180000041C4F20101884206D1816801F00701C3
:10319000062904BF00207047016841F00101016069
:1031A000002070477047000010B5044600680169B0
:1031B000890744BFC1685FEA817138D4206801691A
:1031C000490744BFC1685FEA41713CD42068016986
:1031D000090744BFC1685FEA017141D420680169F1
:1031E000C90644BFC1685FEAC16145D4206801696E
:1031F000C9071CBFC1685FEAC1714AD12068016973
:10320000090644BFC1685FEA016149D420680169C9
:10321000490644BFC1685FEA416148D4206801693A
:10322000890644BFC1685FEA816147D410BD6FF071
:1032300002010161012121778069800745D0204684
:10324000FFF7B0FF47E06FF0040101610221217731
:10325000806910F4407F41D02046FFF7A3FF43E090
:103260006FF00801016104212177C06980073ED019
:103270002046FFF797FF40E06FF010010161082141
:103280002177C06910F4407F3AD02046FFF78AFFCB
:103290003CE06FF001010161204600F0EBF8ADE782
:1032A0006FF0800101612046FFF7DAFEAEE76FF0B4
:1032B00040010161204600F0E9F8AFE76FF020011E
:1032C00001612046FFF7CEFE10BD204600F052F807
:1032D000204600F0CDF8002020776FE7204600F070
:1032E00049F8204600F0C4F8002020776EE7204619
:1032F00000F040F8204600F0BBF8002020776DE792
:10330000204600F037F8204600F0B2F80020207781
:103310006CE7000080B586B044F200410068C4F25A
:103320000101002288420592CDE903220292019216
:1033300001D006B080BD43F630000092C4F2020016
:10334000026842F0200202600068012200F02000C2
:10335000009000984020019002200290CDE90320C7
:103360000320059001F5504001A9FEF76BFC06B063
:1033700080BD000070470000B0B5044690F83C00E6
:10338000012804BF0220B0BD0D464FEAB201012062
:10339000032984F83C0037D8DFE801F0020A122242
:1033A0002068294602F014FB206850F8181F0EE030
:1033B0002068294602F03EFB206850F8181F16E0EE
:1033C0002068294602F06CFB206850F81C1F41F071
:1033D00008010160016821F00401016029690FE022
:1033E0002068294602F090FB206850F81C1F41F429
:1033F00000610160016821F48061016029690902AE
:103400000268114301600020002184F83C10B0BD27
:10341000002804BF0120704710B5044690F83D0015
:1034200028B9002084F83C00204600F01FF8022054
:1034300084F83D002068211D02F038FA012084F84C
:10344000460084F83E0084F83F0084F8400084F889
:10345000410084F8420084F8430084F8440084F872
:10346000450084F83D00002010BD000070470000BA
:103470007047000080B5006841F20001C4F200010D
:10348000884208BFFEF782FF80BD00007047000041
:10349000FEE700000268516949054FF000010FD5B1
:1034A0006FF4806353612022016380F83D2080F82F
:1034B0003E10026C42F00402026480F83C100121CC
:1034C000084670472DE9F04782B0044600680E4672
:1034D0000168DDF828A041F4806101600168DDF831
:1034E0002C9041F480711D461746016020464FF034
:1034F000011100225346CDF8009000F0F9F850B1C8
:1035000020680068C00544BF4FF4007020640320A9
:1035100002B0BDE8F08740F202082068C0F201085E
:1035200006F0FE0606612046414652464B4600F034
:1035300019F948BB0020019020684A464169019171
:103540008069514601900198204600F081F998B9B0
:10355000012D08D02068390A0161204651464A46AB
:1035600000F076F940B92068F9B201612046514671
:103570004A4600F06DF958B1206C042804D1206847
:10358000016841F400710160012002B0BDE8F087DC
:10359000206800220168534641F480710160204692
:1035A0004FF00111CDF8009000F0A2F80028A7D14B
:1035B000206846F0010101612046414652464B46D3
:1035C00000F0D0F8002818BF012002B0BDE8F08755
:1035D0002DE9F04383B0044600680D4601680A9F58
:1035E0000B9E41F4807199469046016020464FF051
:1035F000011100223B46009600F07AF850B1206895
:103600000068C00544BF4FF400702064032003B07D
:10361000BDE8F083206805F0FE0101610221C0F2DF
:10362000010120463A46334600F09CF818B10120CB
:1036300003B0BDE8F0830020029020683246416963
:1036400002918069394602900298204600F000F904
:1036500040B1206C0428EAD12068016841F400716F
:103660000160E4E7B9F1010F0AD020684FEA1821A0
:10367000016120463946324600F0EAF80028E8D1D8
:1036800020685FFA88F10161002003B0BDE8F08393
:10369000F0B581B0044600684069400724D415465F
:1036A0000E464F1C04E000BF2068406940071BD451
:1036B0002046FFF7EFFEA0B9002FF5D0FEF79CFBE8
:1036C00016B1401BB042EFD900202021206384F8BE
:1036D0003D1084F83E00216C41F02001216484F803
:1036E0003C00012001B0F0BD002001B0F0BD0000A1
:1036F0002DE9F047DDF820801D469146824601F411
:103700007F078EB25C1C00BFDAF80000B7F5803F7F
:1037100014BF1830143000683040801BB0FA80F0BD
:10372000400948451BD1002CEED0FEF765FB1DB1CA
:10373000A0EB0800A842E7D900202021CAF83000F9
:103740008AF83D108AF83E00DAF8401041F0200176
:10375000CAF840108AF83C000120BDE8F08700203C
:10376000BDE8F0872DE9F0410446006898464369BA
:103770008FB203EA0701B94202D10020BDE8F0810F
:103780004169490512D41646551C00BF35B1FEF7F4
:1037900033FB16B3A0EB0800B0421ED82068416985
:1037A0003940B942E9D041694905EFD5016841F492
:1037B000007101606FF4806141610020202120636D
:1037C00084F83D1084F83E00216C41F0040121642E
:1037D00084F83C000120BDE8F08100202021206316
:1037E00084F83D1084F83E00216C41F02001EEE7A2
:1037F00070B515460E46044620684169490613D443
:103800004169C90612D4FEF7F7FA16B1401BB0425F
:10381000F2D900202021206384F83D1084F83E0076
:10382000206C40F020000CE0002070BD6FF0100113
:10383000416100202021206384F83D1084F83E007F
:10384000206C2064002084F83C00012070BD000042
:10385000F0B581B0044600684069000624D41546DE
:103860000E464F1C04E000BF2068406900061BD4D0
:103870002046FFF70FFEA0B9002FF5D0FEF7BCFAE7
:1038800016B1401BB042EFD900202021206384F8FC
:103890003D1084F83E00216C41F02001216484F841
:1038A0003C00012001B0F0BD002001B0F0BD0000DF
:1038B00082B005F0DDF940F2D465C2F2000501AC3A
:1038C000019003E02046012104F05EFBE8785528D2
:1038D000F8D195F904000028F4D4FDF7D9FAF1E7FE
:1038E00070B50D46118840F250760446C2F20006CB
:1038F00049B940F23C70C2F20000D0E90013806880
:10390000C6E90013B06040F23021C2F20001304637
:1039100002F0C8FE3068286070686860B068A8600F
:103920004FF07E50C4E90000A06070BD40F23C70D2
:1039300091ED000A91ED011A91ED022AC2F2000008
:1039400080ED000A80ED011A80ED022A40F25070ED
:10395000C2F2000080ED000A80ED011A80ED022A1B
:103960007047000086B04FF4FA7000BF03F0AEFA63
:10397000FCF752FE28B16420F8E700BF642003F092
:10398000A5FA03F0CBF80028F8D140F2AC62C2F2FD
:10399000000202F11400111D10320590CDE903213F
:1039A000FCF752FE02F0ACFE40F608209FEDA20AA2
:1039B000DFEDA20A9FEDA21ADFEDA21A9FEDA22A67
:1039C000C2F2000003F04AFB40F24820C2F20000BD
:1039D000FCF7CCFD40F21826C2F2000696ED000A74
:1039E00040F27C60C2F2000096ED011A80ED000A00
:1039F00040F28060C2F2000096ED022A80ED001ACB
:103A000040F2846040F28867C2F20000C2F2000710
:103A100080ED002A002087ED000A87ED011A87ED6E
:103A2000022A03F0B3FA05F0BBF840F25821C2F2C3
:103A30000001086040F6C400C2F200001021C1611C
:103A4000FFF722F8002818BFFDF71CFA40F24400E7
:103A500040F24871C2F20000C2F20001082201F0F7
:103A600083FD40F60420C2F200000121017040F203
:103A70002420C2F2000000F1040900F1080A40F21B
:103A8000A060C2F200000230029040F2706040F28A
:103A9000A56B40F2A4659FED6D8A9FED6D9A9FED39
:103AA0006DAA40F2482440F67428C2F20000C2F227
:103AB000000BC2F20005C2F20004C2F2000802309C
:103AC000019000BF01204FF0FF3104F085F801287C
:103AD000F8D140F25C70C2F20000007800070FD508
:103AE00040F25C71C2F20001087800F0F700087043
:103AF00040F24870C2F2000005990130FCF7CAFE9E
:103B00009BF8000040070FD59BF8000000F0FB0079
:103B10008BF8000040F2AC60C2F2000000F120021D
:103B200001980499FCF77CFE287840070FD5287887
:103B300000F0FB002870DDE90201FCF7D3FE40F243
:103B4000AC60C2F2000090ED040A02F03BFF02F00C
:103B5000D7FD40F27C60C2F2000090ED000A97EDC4
:103B6000001A20EE090A80ED001A21EE081A31EE43
:103B7000400A96ED001A40F2806021EE0A1A30EEFB
:103B8000010AC2F2000097ED012A87ED000A90EDCC
:103B9000000A96ED014A22EE081A20EE090A80ED8D
:103BA000002A31EE400A24EE0A1A40F2846030EE18
:103BB000010AC2F2000097ED023A87ED010A90ED8A
:103BC000000A96ED025A23EE081A20EE090A31EE99
:103BD000400A25EE0A1A40F2302140F23C2380EDE3
:103BE000003A30EE010A2046C2F200013A46C2F223
:103BF000000387ED020AFCF7C1FC40F224212046B5
:103C0000C2F200014A46534602F0BCFC98F800009C
:103C100010F0010088F800003FF454AF98F800005D
:103C200000F0FE0088F8000098F8000040F0020064
:103C300088F8000046E700BF0000C844CDCC4C3EE9
:103C4000000000000080894500A08C455AF8F63F2E
:103C50005D896E3FD5A9183B10B540F2607046F201
:103C60000041C2F20000C4F2000140F20014072239
:103C70000023C0F2011480E80E0000F10C014FF4A3
:103C8000003C4FF4801E81E8085084618383FDF777
:103C9000BBFC002818BFFDF7F5F810BD10B540F2C9
:103CA000887046F60001C2F20000C4F2000140F242
:103CB000001407220023C0F2011480E80E0000F176
:103CC0000C014FF4003C4FF4801E81E808508461E1
:103CD0008383FDF799FC002818BFFDF7D3F810BDCA
:103CE00080B582B00020019043F63000C4F202009B
:103CF0000168002241F4800101600068002100F4A5
:103D00008000019001983A20FEF7EAFB3A20FEF786
:103D1000E3FB3B2005210022FEF7E2FB3B20FEF700
:103D2000DBFB02B080BD000010B5C8B049F2607086
:103D3000C0F60000D0E90012D0E90203CDE9441238
:103D4000CDE9460344A8002103F0CEF840F20C115F
:103D5000C2F20001086049F27070C0F60000D0E9BC
:103D60000012D0E90203CDE94012CDE9420340A898
:103D7000002103F0B9F840F21411C2F2000108600A
:103D800049F23860C0F6000090E80E50D0E90540D6
:103D90003991CDE93E4039A800213A923B93CDF8C4
:103DA000F0C0CDF8F4E003F0B9F840F20811C2F227
:103DB0000001086049F25460C0F6000090E81E500F
:103DC00080693291389032A800213392349335942F
:103DD000CDF8D8C0CDF8DCE003F0A0F840F2101127
:103DE000C2F20001086049F27060C0F6000090E87D
:103DF0001E5080692B9131902BA800212C922D937D
:103E00002E94CDF8BCC0CDF8C0E003F087F840F2A6
:103E10001811C2F20001086049F2C460C0F6000047
:103E200090E81E50806924912A9024A800212592B0
:103E300026932794CDF8A0C0CDF8A4E003F06EF847
:103E400040F21421C2F20001086049F28C60C0F611
:103E5000000090E81E5080691D9123901DA800214C
:103E60001E921F932094CDF884C0CDF888E003F013
:103E700055F840F21C11C2F20001086049F2E060FE
:103E8000C0F6000090E81E50806916911C9016A89C
:103E90000021179218931994CDF868C0CDF86CE002
:103EA00003F03CF840F25C21C2F20001086049F2E4
:103EB000FC60C0F6000090E81E5080690F911590DC
:103EC0000FA80021109211931294CDF84CC0CDF898
:103ED00050E003F023F840F26861C2F2000108608C
:103EE00049F2A860C0F6000090E81E508069089171
:103EF0000E9008A8002109920A930B94CDF830C0C7
:103F0000CDF834E003F00AF840F26811C2F2000183
:103F1000086049F21870C0F6000090E81E508069F1
:103F20000191079001A80021029203930494CDF817
:103F300014C0CDF818E002F0F1FF40F26C61C2F25B
:103F40000001086048B010BD2DE9F04F87B0002592
:103F500043F630000695CDE90455CDE902550195AB
:103F6000C4F20200016840F2000941F00201016060
:103F70000168C4F2020901F0020101910199019561
:103F8000016809F5A05441F00101016001680022B7
:103F900001F00101019101990195016841F00801C9
:103FA0000160016801F00801019101990195016822
:103FB00041F480710160016801F4807101910199FF
:103FC0000195016841F020010160016801F02001C4
:103FD000019101990195016841F0040101600168B6
:103FE00001F00401019101990195016841F08001FE
:103FF0000160016801F0800101910199019501685A
:1040000041F0400101600068032100F04000019090
:1040100001982046FDF7EAFE09F5006A50464FF484
:1040200080710022FDF7E2FE09F5C05630464021BE
:104030000022FDF7DBFE484610210022FDF7D6FEE8
:1040400009F5806041F2010100220090FDF7CEFEEB
:1040500002AF4FF0010B4FF0030820463946CDE97F
:1040600002BB0495CDF81480FDF7ECFD4FF4807091
:10407000CDE9020B50463946CDE904B84FF00308AC
:10408000FDF7E0FD0220CDE9020B20463946CDE9DF
:104090000455FDF7D7FD4020CDE9020B30463946E7
:1040A000CDE904B8FDF7CEFD092002904FF4881445
:1040B00030463946CDE9034BFDF7C4FD4846394645
:1040C000CDE902B5CDF810B0FDF7BCFD1020CDE96B
:1040D000020B48463946CDE904B8FDF7B3FD302060
:1040E00002A981E8110850463946FDF7ABFD41F2BF
:1040F0000100CDE9020B00983946CDE904B8FDF77F
:10410000A1FD062006210022FEF7EAF90620FEF7AF
:10411000E3F9092005210022FEF7E2F90920FEF764
:10412000DBF90A2005210022FEF7DAF90A20FEF762
:10413000D3F9172005210022FEF7D2F91720FEF748
:10414000CBF907B0BDE8F08F80B540F6700045F6BA
:104150000041C2F20000C4F2000141F680220023B7
:104160004FF4804CC0F2060280E80E00C0E9033C28
:10417000C0E90533C0E90733FDF744FE002818BF46
:10418000FCF780FE80BD000010B540F6C40043F28D
:104190000001C2F20000C4F201014FF48272002358
:1041A0004FF0010C4FF4007E382480E80E000A2105
:1041B000C0E90333C0E905CEC461C0E90833C0E9F2
:1041C0000A31FEF761FC002818BFFCF75BFE10BD4A
:1041D00080B540F61C1043F60001C2F20000C4F2A4
:1041E00000014FF48272002380E80E0000F11401F8
:1041F0004FF4007C4FF0280E81E808500A21C0E9F6
:104200000333C0E90833C0E90A31FEF73DFC00285A
:1042100018BFFCF737FE80BD80B588B040F674103B
:1042200044F200420021C2F20000C4F2010241F255
:1042300087330791CDE90511CDE90311CDE90111CE
:10424000C0E90021C0E9021301618161FEF70CFFA2
:10425000002818BFFCF716FE40F67410C2F20000EA
:10426000FFF7D6F8002818BFFCF70CFE602001907D
:104270000020CDE90200059040F67410C2F2000063
:1042800001A90022FFF778F8002818BFFCF7FAFD13
:1042900040F67410C2F20000FFF73CF808B080BD91
:1042A00010B52DED108B84B0B5EE403AB0EE44BAA7
:1042B000B0EE63CAB0EE43DAB0EE62EAB0EE42FAB4
:1042C000F0EE618AB0EE418AB0EE609AB0EE40AA9C
:1042D000F1EE10FA044619D1B5EE40CAF1EE10FA2B
:1042E00014D1B5EE40BAF1EE10FA0FD12046B0EE7F
:1042F0004A0AF0EE490AB0EE481AF0EE681AB0EE3B
:104300004F2AF0EE4E2A00F0D3F9BFE1F5EE408AD5
:10431000F1EE10FA0AD1B5EE40FAF1EE10FA05D13D
:10432000B5EE40EAF1EE10FA00F0488128EEA80A56
:104330002FEE0F1A30EE010A2EEE0E1A30EE010AA1
:1043400002F086FB20EE281A8DED031A20EE0F1ADC
:1043500020EE0E0A8DED021A8DED010A2DEE0D0AEA
:104360002CEE0C1A30EE010A2BEE0B1A30EE010A7D
:1043700002F06EFB20EE0DDA20EE0CCA20EE0BBA36
:1043800094ED002A94ED010A94ED031A94ED023A9B
:1043900022EE014A20EE035A63EE03DAB6EE006A1B
:1043A00075EE441A62EE03FA63EE01EA35EE043A62
:1043B00020EE004A61EE019A36EE6D7A76EE448A7E
:1043C00077EE69BA20EE01FA38EEE94A22EE00EA09
:1043D0002DEE2B7A6CEE210A7FEE8FCA2DEE033A7A
:1043E0002CEE044A3EEECE0A37EE207A2BEE2C1A43
:1043F00033EE043A2BEE000A31EE071A30EE030AD0
:1044000031EE011A30EE000A21EE011A20EE000A08
:1044100031EE001AB1EEC10A62EE02AAB4EE400A11
:10442000F1EE10FA80F136813FEE6F2A3EEE2E3A21
:104430002DEE021A2CEE034A31EE041A38EEED4A44
:104440002BEE045A35EE011A31EE011ABEEE005A77
:1044500020EE2B6A22EE017A3AEE855A36EE076A92
:1044600020EE217ADDED021ADDED012A35EE295A22
:1044700063EE010A20EE2C0A24EE011A37EE207AB0
:1044800030EE011A21EE850A22EE834A30EE440A0C
:104490002CEE014A6BEE070A34EE604ADDED030AAA
:1044A00030EE040A22EE824A20EE855A40F65C5035
:1044B00034EE454A2BEE065A2DEE011AC2F20000E8
:1044C00035EE411A20EE833A21EE822A90ED005A11
:1044D00034EE011A33EE422A2DEE073A2CEE064A4C
:1044E00033EE443AB5EE405AF1EE10FA32EE032ABA
:1044F0003EDD90ED003A40F64C21C2F200019FED06
:104500006A4A20EE033A91ED005A23EE043A35EE62
:10451000033A81ED003A90ED003A40F65022C2F2A3
:10452000000221EE033A92ED005A23EE043A35EEF2
:10453000033A82ED003A90ED003A40F65420C2F280
:10454000000022EE033A90ED005A23EE043A35EED5
:10455000033A80ED003A91ED003A33EE0AAA92ED6B
:10456000003A90ED004A33EE099A34EE088A0FE0E3
:1045700040F64C20C2F200000021016040F65020BD
:10458000C2F20000016040F65420C2F20000016057
:1045900040F29400C2F2000090ED003A20EE030ACF
:1045A00090ED003A3AEE00AA21EE030A90ED001ACF
:1045B00039EE009A22EE010A38EE008A9FED3B0A9E
:1045C00094ED014A94ED025A2AEE001A29EE002ACF
:1045D00094ED036A28EE000A24EE417A62EE050AA1
:1045E00094ED003A37EE607A60EE060A37EE607AB4
:1045F00033EE078A23EE017A60EE050A37EE207A61
:1046000062EE060A37EE607A34EE079A22EE037AFB
:1046100060EE040A20EE030A22EE042A37EE607AE6
:1046200061EE060A30EE020A21EE051A37EE207A14
:1046300030EE410A35EE07AA36EE00BA28EE080A37
:1046400029EE091A30EE010A2AEE0A1A31EE000AA2
:104650002BEE0B1A31EE000A84ED008A84ED019AEC
:1046600084ED02AA84ED03BA02F0F2F928EE001AF2
:1046700029EE002A2AEE003A2BEE000A84ED001AF9
:1046800084ED012A84ED023A84ED030A04B0BDEC06
:10469000108B10BDB0EE410ACDED001A04F03CFFC6
:1046A000DDED001AC0E600BF6F12833A6F12033AC5
:1046B00010B52DED0C8BF5EE401AB0EE62BAB0EEEF
:1046C00042CAB0EE61DAB0EE418AB0EE609AB0EE66
:1046D00040AAF1EE10FA04460AD1B5EE40CAF1EE56
:1046E00010FA05D1B5EE40BAF1EE10FA00F0B28042
:1046F0002DEE0D0A2CEE0C1A30EE010A2BEE0B1AE1
:1047000030EE010A02F0A4F920EE0D2A20EE0C3A58
:1047100020EE0B1A94ED000A94ED014A94ED035A31
:1047200094ED026A24EE057A60EE060A24EE004A51
:1047300025EE066A34EE064A20EE000ABEEE006A56
:1047400030EE060A25EE055A40F65C5035EE005A6A
:10475000C2F2000023EE050A21EE046A22EE055A99
:1047600022EE042A90ED004A37EE607A21EE071A15
:1047700023EE073AB5EE404A30EE460A31EE451ACE
:10478000F1EE10FA32EE432A3EDD90ED003A40F6AB
:104790004C21C2F200019FED654A20EE033A91EDF3
:1047A000005A23EE043A35EE033A81ED003A90EDDB
:1047B000003A40F65022C2F2000221EE033A92ED96
:1047C000005A23EE043A35EE033A82ED003A90EDBA
:1047D000003A40F65420C2F2000022EE033A90ED77
:1047E000005A23EE043A35EE033A80ED003A91ED9B
:1047F000003A33EE0AAA92ED003A90ED004A33EE09
:10480000099A34EE088A0FE040F64C20C2F200000C
:104810000021016040F65020C2F20000016040F625
:104820005420C2F20000016040F29400C2F2000085
:1048300090ED003A20EE030A90ED003A3AEE00AA1D
:1048400021EE030A90ED001A39EE009A22EE010AD9
:1048500038EE008A9FED360A94ED014A94ED025A33
:104860002AEE001A29EE002A94ED036A28EE000AC7
:1048700024EE417A62EE050A94ED003A37EE607A52
:1048800060EE060A37EE607A33EE078A23EE017A8D
:1048900060EE050A37EE207A62EE060A37EE607A9D
:1048A00034EE079A22EE037A60EE040A20EE030A41
:1048B00022EE042A37EE607A61EE060A30EE020A32
:1048C00021EE051A37EE207A30EE410A35EE07AABE
:1048D00036EE00BA28EE080A29EE091A30EE010A6F
:1048E0002AEE0A1A31EE000A2BEE0B1A31EE000AFC
:1048F00084ED008A84ED019A84ED02AA84ED03BA66
:1049000002F0A6F828EE001A29EE002A2AEE003A54
:104910002BEE000A84ED001A84ED012A84ED023AA0
:1049200084ED030ABDEC0C8B10BD00BF6F12833AFF
:104930006F12033AFEE70000FEE7000000F00700F8
:1049400080F00703042B28BF04234FF0FF3C0338FB
:104950000CFA03F338BF0020994381400CFA00F0B1
:1049600022EA00000843704782B002F0D3F904F055
:104970007FF901AC019000BF00F006F82046142139
:1049800003F002FBF8E7000080B5002002F09CF97C
:1049900002F050FA80BD000000000000000000009E
:1049A000EFF30980BFF36F8F154B1A681EF0100FDD
:1049B00008BF20ED108A20E9F04F10602DE90900B2
:1049C0004FF0500080F31188BFF34F8FBFF36F8F0C
:1049D00003F0BEFC4FF0000080F31188BDE8090031
:1049E00019680868B0E8F04F1EF0100F08BFB0EC6F
:1049F000108A80F30988BFF36F8F704700BF00BF34
:104A0000B80C002082B004F033F901AC019000BF73
:104A10002046022103F0B8FAFAE700002DE9F0473A
:104A200040F2B073C2F20003D3F800C0DCF80030EB
:104A300023F00103CCF8003040F61003C2F200036B
:104A40001B681F6827F001071F6000BFDCF80070BB
:104A5000FF070BD0DCF8007027F00107CCF80070DE
:104A6000F4E700BF1F6827F001071F601F68FF07FA
:104A7000F8D140F6C408C2F20008D8F84C5046F20B
:104A80000C4AC4F2020A2F6846F2080E0AF14C06DC
:104A900046F27049C4F2020EB742C4F202090AD9C2
:104AA0004F4543D046F28845C4F20205AF423FD19C
:104AB0004FF4006544E00EF1B004A74218D946F265
:104AC0001044C4F20204A74200F0C48046F2284415
:104AD000C4F20204A74200F0BA8046F24044C4F295
:104AE0000204A7420CBF4FF400154FF00065B2E07E
:104AF0000EF15004A74240F2918046F27004C4F2D5
:104B00000204A74200F0158246F28804C4F20204AF
:104B1000A74200F0108246F2A004C4F20204A742A9
:104B20000CBF4FF400154FF0006506E2202507E0AA
:104B30000AF194044FF00065A74208BF4FF4001536
:104B4000CAF80050B74240F28B804F4508D046F279
:104B50008844C4F20204A74204D14FF4806509E0FE
:104B6000102507E00AF194044FF08065A74208BFC2
:104B70004FF48015CAF80050B74240F2CB804F4541
:104B800008D046F28844C4F20204A74204D14FF48C
:104B9000007509E0082507E00AF194044FF000755C
:104BA000A74208BF4FF40025CAF80050B74240F2B0
:104BB0000B814F4508D046F28844C4F20204A74254
:104BC00004D14FF4807509E0042507E00AF194044C
:104BD0004FF08075A74208BF4FF48025CAF80050F7
:104BE000B74240F24B814F4509D046F28844C4F2A7
:104BF0000204A74207D14025CAF80050F6E101257A
:104C0000CAF80050F2E10AF194044FF48005A7427B
:104C100008BF4FF48035CAF80050E7E146F21004AF
:104C2000C4F20204A74200F08E8146F22804C4F2C6
:104C30000204A74200F0898146F24004C4F2020453
:104C4000A7420CBF4FF400154FF000657FE14FF411
:104C5000006500E02025CEF80054B7423FF675AF5E
:104C60000EF1B004A74216D946F21044C4F2020471
:104C7000A74249D046F22844C4F20204A74240D0D9
:104C800046F24044C4F20204A7420CBF4FF4801520
:104C90004FF0806539E00EF15004A74218D946F272
:104CA0007004C4F20204A74200F0578146F288045F
:104CB000C4F20204A74200F0528146F2A004C4F2FA
:104CC0000204A7420CBF4FF480154FF0806548E105
:104CD00046F21004C4F20204A74200F0488146F2F2
:104CE0002804C4F20204A74200F0438146F24004C3
:104CF000C4F20204A7420CBF4FF480154FF0806548
:104D000039E14FF4806500E01025CEF80054B74239
:104D10003FF635AF0EF1B004A74216D946F2104463
:104D2000C4F20204A74249D046F22844C4F2020465
:104D3000A74240D046F24044C4F20204A7420CBF4E
:104D40004FF400254FF0007539E00EF15004A742F2
:104D500018D946F27004C4F20204A74200F011818F
:104D600046F28804C4F20204A74200F00C8146F225
:104D7000A004C4F20204A7420CBF4FF400254FF078
:104D8000007502E146F21004C4F20204A74200F0EA
:104D9000028146F22804C4F20204A74200F0FD801A
:104DA00046F24004C4F20204A7420CBF4FF40025AF
:104DB0004FF00075F3E04FF4007500E00825CEF8E1
:104DC0000054B7423FF6F5AE0EF1B004A74216D933
:104DD00046F21044C4F20204A74249D046F22844E5
:104DE000C4F20204A74240D046F24044C4F2020496
:104DF000A7420CBF4FF480254FF0807539E00EF1CB
:104E00005004A74218D946F27004C4F20204A74223
:104E100000F0CB8046F28804C4F20204A74200F0FE
:104E2000C68046F2A004C4F20204A7420CBF4FF4AD
:104E300080254FF08075BCE046F21004C4F20204F5
:104E4000A74200F0BC8046F22804C4F20204A74244
:104E500000F0B78046F24004C4F20204A7420CBF3F
:104E60004FF480254FF08075ADE04FF4807500E081
:104E70000425CEF80054B7423FF6B5AE0EF1B004AB
:104E8000A74218D946F21044C4F20204A7424CD0FB
:104E900046F22844C4F20204A74242D046F24044FB
:104EA000C4F20204A7420CBF4FF480354FF48005D2
:104EB000CEF800549AE00EF15004A7421AD946F2F7
:104EC0007004C4F20204A74200F0838046F2880412
:104ED000C4F20204A74200F0808046F2A004C4F2AB
:104EE0000204A7420CBF4FF480354FF48005CEF882
:104EF00004507BE046F21004C4F20204A74270D0D2
:104F000046F22804C4F20204A7426CD046F24004E0
:104F1000C4F20204A7420CBF4FF480354FF4800561
:104F200062E04025CEF8005460E00125CEF8005440
:104F30005CE0202501E04FF40065CEF80450B74254
:104F40003FF603AE8CE6202501E04FF40065CEF875
:104F50000050B7427FF684AEF7E5102501E04FF42C
:104F60008065CEF80450B7423FF609AED2E6102570
:104F700001E04FF48065CEF80050B7427FF6CAAE2C
:104F8000FDE5082501E04FF40075CEF80450B74266
:104F90003FF60FAE18E7082501E04FF40075CEF894
:104FA0000050B7427FF610AF03E6042501E04FF44E
:104FB0008075CEF80450B7423FF615AE5EE7042583
:104FC00001E04FF48075CEF80050B7427FF656AF3F
:104FD00009E60125CEF8045008E04025CEF804503B
:104FE00004E0012500E04025CEF80050D8F8484004
:104FF0002768B7420AD94F4543D046F28844C4F2E5
:105000000204A7423FD14FF4006544E00EF1B00422
:10501000A74218D946F21044C4F20204A74200F095
:10502000C48046F22844C4F20204A74200F0BA80C9
:1050300046F24044C4F20204A7420CBF4FF40015EC
:105040004FF00065B2E00EF15004A74240F29180AB
:1050500046F27004C4F20204A74200F0158246F240
:105060008804C4F20204A74200F0108246F2A004B1
:10507000C4F20204A7420CBF4FF400154FF00065C4
:1050800006E2202507E00AF194044FF00065A742EC
:1050900008BF4FF40015CAF80050B74240F28B80A9
:1050A0004F4508D046F28844C4F20204A74204D116
:1050B0004FF4806509E0102507E00AF194044FF0F1
:1050C0008065A74208BF4FF48015CAF80050B74268
:1050D00040F2CB804F4508D046F28844C4F2020427
:1050E000A74204D14FF4007509E0082507E00AF152
:1050F00094044FF00075A74208BF4FF40025CAF88A
:105100000050B74240F20B814F4508D046F2884428
:10511000C4F20204A74204D14FF4807509E00425CB
:1051200007E00AF194044FF08075A74208BF4FF4DE
:105130008025CAF80050B74240F24B814F4509D054
:1051400046F28846C4F20206B74207D14026CAF8A2
:105150000060F6E10126CAF80060F2E10AF1940568
:105160004FF48006AF4208BF4FF48036CAF80060A3
:10517000E7E146F21004C4F20204A74200F08E8177
:1051800046F22804C4F20204A74200F0898146F2E4
:105190004004C4F20204A7420CBF4FF400154FF0C4
:1051A00000657FE14FF4006500E02025CEF8005453
:1051B000B7423FF675AF0EF1B004A74216D946F2DA
:1051C0001044C4F20204A74249D046F22844C4F273
:1051D0000204A74240D046F24044C4F20204A7426F
:1051E0000CBF4FF480154FF0806539E00EF150048C
:1051F000A74218D946F27004C4F20204A74200F094
:10520000578146F28804C4F20204A74200F052819A
:1052100046F2A004C4F20204A7420CBF4FF480156A
:105220004FF0806548E146F21004C4F20204A74240
:1052300000F0488146F22804C4F20204A74200F0BC
:10524000438146F24004C4F20204A7420CBF4FF46B
:1052500080154FF0806539E14FF4806500E010253E
:10526000CEF80054B7423FF635AF0EF1B004A74276
:1052700016D946F21044C4F20204A74249D046F2BD
:105280002844C4F20204A74240D046F24044C4F28B
:105290000204A7420CBF4FF400254FF0007539E01F
:1052A0000EF15004A74218D946F27004C4F2020469
:1052B000A74200F0118146F28804C4F20204A7421A
:1052C00000F00C8146F2A004C4F20204A7420CBF15
:1052D0004FF400254FF0007502E146F21004C4F2CD
:1052E0000204A74200F0028146F22804C4F202043C
:1052F000A74200F0FD8046F24004C4F20204A74237
:105300000CBF4FF400254FF00075F3E04FF400752B
:1053100000E00825CEF80054B7423FF6F5AE0EF196
:10532000B004A74216D946F21044C4F20204A742C0
:1053300049D046F22844C4F20204A74240D046F2C3
:105340004044C4F20204A7420CBF4FF480254FF042
:10535000807539E00EF15004A74218D946F2700466
:10536000C4F20204A74200F0CB8046F28804C4F2E3
:105370000204A74200F0C68046F2A004C4F2020470
:10538000A7420CBF4FF480254FF08075BCE046F279
:105390001004C4F20204A74200F0BC8046F22804C4
:1053A000C4F20204A74200F0B78046F24004C4F2FF
:1053B0000204A7420CBF4FF480254FF08075ADE08A
:1053C0004FF4807500E00425CEF80054B7423FF654
:1053D000B5AE0EF1B004A74218D946F21044C4F29B
:1053E0000204A7424CD046F22844C4F20204A74269
:1053F00042D046F24044C4F20204A7420CBF4FF42C
:1054000080344FF48004CEF800449AE00EF150044A
:10541000A7421AD946F27004C4F20204A74200F06F
:10542000838046F28804C4F20204A74200F0808020
:1054300046F2A004C4F20204A7420CBF4FF4803429
:105440004FF48004CEF804407BE046F21004C4F22E
:105450000204A74270D046F22804C4F20204A74214
:105460006CD046F24004C4F20204A7420CBF4FF4D1
:1054700080344FF4800462E04024CEF8004460E0C1
:105480000124CEF800445CE0202501E04FF40065E3
:10549000CEF80450B7423FF603AE8CE6202501E07B
:1054A0004FF40065CEF80050B7427FF684AEF7E5C2
:1054B000102501E04FF48065CEF80450B7423FF666
:1054C00009AED2E6102501E04FF48065CEF8005019
:1054D000B7427FF6CAAEFDE5082501E04FF400753E
:1054E000CEF80450B7423FF60FAE18E7082501E0AA
:1054F0004FF40075CEF80050B7427FF610AF03E6C8
:10550000042501E04FF48075CEF80450B7423FF611
:1055100015AE5EE7042501E04FF48075CEF800502B
:10552000B7427FF656AF09E60124CEF8044008E002
:105530004024CEF8044004E0012400E04024CEF8EA
:105540000040CCF80C10D860CCF804205A60DCF88D
:10555000000040F00100CCF80000186840F00100A5
:105560001860BDE8F0870000B0B540F6C403C2F291
:1055700000031B685D6845F002055D605D6845F0ED
:1055800001055D601D6845F040051D6040F2B07387
:10559000C2F200031B6800BF1D6825F001051D60F5
:1055A0001D68ED07F8D146F20C4CC4F2020C0CF168
:1055B0004C0446F2080EA342C4F2020E04D94FF482
:1055C0000015CCF8005012E00EF1B005AB4204D942
:1055D0004FF40015CEF8005409E00EF15005AB422F
:1055E0004FF4001594BFCEF80050CEF8045043F2AB
:1055F0000C05C4F201059D60D9605A60196841F03C
:105600001001196040F61001C2F20001096800BFE4
:105610000B6823F001030B600B68DB07F8D1A14294
:1056200004D94FF00063CCF8003012E00EF1B00363
:10563000994204D94FF00063CEF8003409E00EF12E
:10564000500399424FF0006394BFCEF80030CEF87B
:1056500004308D60C8604A60B0BD000010B582B0F3
:1056600040F20803C2F200031B6849F68174C1F2DC
:105670005E64A3FB043C04464FEA5C504FF47A732B
:10568000584301906068B0F5827F0DD113460A46F9
:105690002046802100F014F878B1606D40F02000C1
:1056A0006065032002B010BD019830B10198013847
:1056B0000190206880680006F6D4002002B010BD7A
:1056C0002DE9F04381B01E4690460D468146FCF719
:1056D00093FB301A00EB0807FCF78EFB40F2080141
:1056E000C2F200010968C1F3CB3179430091D9F8C6
:1056F000001089682940A94219D1064608F1010421
:1057000006E000BFD9F8000080682840A8420ED10A
:10571000002CF7D0FCF770FB801BB8420BD200982E
:105720000099002808BF0746481E0090EAE70020BD
:1057300001B0BDE8F083D9E900014268B1F5827F8C
:1057400022F0E00242600BD1D9F80810B1F5004F09
:1057500002D0B1F5806F03D1016821F040010160F2
:10576000D9F82810B1F5005F07D1016821F4005184
:105770000160016841F400510160012089F8510085
:10578000002089F85000032001B0BDE8F08300003C
:10579000074B19680868B0E8F04F80F30988BFF339
:1057A0006F8F4FF0000080F31188704700BF00BF7B
:1057B000B80C002080B54FF0500080F31188BFF383
:1057C0006F8FBFF34F8F03F059FA30B14EF604508C
:1057D000CEF200004FF080510160002080F311886C
:1057E00080BD000070B592B006AC20463021FAF7BB
:1057F00017FE002543F640000595CDE90355CDE998
:1058000001550095C4F202000168022641F0805162
:105810000160006800F080500090009847F200009E
:105820000095C4F20000016841F480410160006805
:1058300000F4804000900098012006904FF48030E2
:1058400007904FF480000D9006200E90A820CDE91F
:105850000F060420119020460C96FCF771FF88B9C2
:105860000F20CDE901064FF4A05004904FF4805072
:10587000059001A805210395FCF746FE002804BF0A
:1058800012B070BDFBF7FEFA4EF68850CEF2000063
:10589000016841F4700101607047000080B540F676
:1058A000BC10C2F20000FDF77FFC80BD10B540F6D1
:1058B000FF3E0368C4F2000E40F2004C7045C4F293
:1058C000010C0FDCB0F1804F19D040F20042C4F25D
:1058D0000002904213D040F60002C4F2000290424F
:1058E0000DD010E040F60042C4F20002904206D013
:1058F000604504D00022C4F20102904203D14A68FC
:1059000023F07003134341F6FF72C4F20002904289
:105910000DDC70451FDCB0F1804F41D040F20042F9
:10592000C4F2000290423BD040F6000221E043F670
:10593000FF72C4F20102904220DC42F20002C4F283
:10594000000290422CD00022C4F20102904227D0E3
:10595000604525D028E040F60042C4F200029042A3
:105960001ED041F60002C4F20002904218D041F667
:105970000042C4F20002904212D015E044F200024C
:10598000C4F2010290420BD044F60002C4F20102BC
:10599000904205D044F20042C4F20102904203D189
:1059A000CA6823F44073134323F080024B69D1F893
:1059B00000E08C681A430260C46240F48062C0F860
:1059C00028E0624504BF096901630121416110BDFE
:1059D000B0B5026A40F2004522F001020262026A9A
:1059E000D0F804E0D0F818C08C6822F0020240F42D
:1059F0008063C4F20105AB4242EA040205D1CC68DF
:105A000022F00C0224F0040422430C68AB4207D1BC
:105A1000D1E905532EF4407E45EA0E0545EA030E12
:105A20002CF073032343C0F804E0836149684163A9
:105A30000262B0BD70B5026A40F2004422F010026A
:105A40000262026AD0F804E0D0F818C08D6822F033
:105A5000200240F48063C4F20104A34242EA05122A
:105A600007D1CD686FF0400622F0C00206EA0515A6
:105A70002A430D68A34207D1D1E905642EF440639F
:105A800043EA860343EA840E2CF4E64343EA052303
:105A9000C0F804E0836149688163026270BD000060
:105AA00070B5026A40F2004422F480720262026A17
:105AB000D0F804E0D0F81CC08D6822F4007240F4E5
:105AC0008063C4F20104A34242EA052207D1CD68F3
:105AD00040F2FF462D0222F44062B5432A430D688E
:105AE000A34207D1D1E905642EF4405343EA0613DB
:105AF00043EA041E2CF073032B43C0F804E0C36197
:105B00004968C163026270BD70B5026A40F2004626
:105B100022F480520262026A4368D0F81CE00C68EA
:105B2000D1F808C040F48065C4F20106B54204D142
:105B30004D6923F4804343EA85132EF4E64646EA92
:105B400004264360C66122F40052496842EA0C32DE
:105B50000164026270BD0000FEE70000002848BF3B
:105B6000704700F01F01012202FA01F14EF200120B
:105B70004009CEF2000242F8201070474EF60C5059
:105B8000CEF200000068C0F3022070474EF61453B6
:105B900000F00F02CEF2000309011A4400F1604345
:105BA000B0F1FF3FC8BF03F56442117070470000B9
:105BB0004EF60C51CEF200010A684FF6FF031A4070
:105BC00060F30A2242F0806040F0FD700860704788
:105BD0002DE9F041FAF7F6FC8020FAF701FE552096
:105BE000FAF7FEFD5520FAF7FBFDFAF7E1FC9620E7
:105BF000FAF7F8FCFAF7E6FC8020FAF7F1FD5520F9
:105C0000FAF7EEFD5520FAF7EBFDFAF7D1FC9620F6
:105C1000FAF7E8FCFAF7D6FC7E20B621FAF7F8FD91
:105C2000FAF7C6FC5020FAF7D9FCFAF7CBFC802033
:105C3000FAF7D6FD5520FAF7D3FD5520FAF7D0FD37
:105C4000FAF7B6FC9620FAF7CDFCFAF7BBFC8020F9
:105C5000FAF7C6FD5520FAF7C3FD5520FAF7C0FD47
:105C60000446FAF7A5FC9620FAF7BCFC1E2C1CBFD4
:105C7000FF20BDE8F08149F2EF780026C0F6000869
:105C8000FAF7A0FC06EB460008EB000718F80050F6
:105C90007C7828462146FAF7BBFDFAF789FC962066
:105CA000FAF7A0FCFAF78EFC45F08000FAF798FDB1
:105CB0005520FAF795FD5520FAF792FD0546FAF7BB
:105CC00077FC9620FAF78EFCA54206D1042E06F149
:105CD0000106D5D90020BDE8F081B878BDE8F08193
:105CE0002DE9F04385B00020ADF804000090FAF7EC
:105CF00069FC8020FAF774FD5520FAF771FD5520F4
:105D0000FAF76EFDFAF754FC9620FAF76BFCFAF7F7
:105D100059FC8020FAF764FD5520FAF761FD552003
:105D2000FAF75EFDFAF744FC9620FAF75BFCFAF707
:105D300049FC7E20B621FAF76BFDFAF739FC5020BA
:105D4000FAF74CFCFAF73EFC8020FAF749FD5520A3
:105D5000FAF746FD5520FAF743FDFAF729FC96209D
:105D6000FAF740FCFAF72EFC8020FAF739FD5520AF
:105D7000FAF736FD5520FAF733FD0446FAF718FC1A
:105D80009620FAF72FFC1E2C40F09D8049F24C78AB
:105D90000027C0F6000800BFFAF714FC07EB470025
:105DA00008EB000618F80050747828462146FAF7E8
:105DB0002FFDFAF7FDFB9620FAF714FCFAF702FC28
:105DC00045F08000FAF70CFD5520FAF709FD552043
:105DD000FAF706FD0546FAF7EBFB9620FAF702FC08
:105DE000A54274D15020FAF7F9FB032F07F1010700
:105DF000D2D302A8841C08F10E074FF00009E84630
:105E0000FAF7E0FB17F8026C17F8015C30462946F8
:105E1000FAF7FEFCFAF7CCFB9620FAF7E3FBFAF769
:105E2000D1FB46F08000FAF7DBFC5520FAF7D8FCEE
:105E30005520FAF7D5FC0646FAF7BAFB9620FAF792
:105E4000D1FBAE4247D15020FAF7C8FBFAF7BAFBB4
:105E50009220FAF7C5FC122041460622FAF79EFC72
:105E6000FAF7A6FBBDF80000DDF8021024F8020CDA
:105E70002160B9F1000F09F1010907F1030704F1ED
:105E80000604BDD0FAF79EFB6D200021FAF7C0FC96
:105E9000FAF78EFB9620FAF7A5FBFAF793FBED20B5
:105EA000FAF79EFC5520FAF79BFC5520FAF798FC70
:105EB0000446FAF77DFB9620FAF794FB7CB10420A8
:105EC00005B0BDE8F083FF2005B0BDE8F083B078F1
:105ED00005B0BDE8F083387805B0BDE8F083FAF787
:105EE00071FB7E20B621FAF793FCFAF761FB502094
:105EF000FAF774FBBDF90800BDF90E10411A40F223
:105F0000555081420EDBBDF90A10BDF91020891AE7
:105F1000814207DBBDF90C00BDF91210401AB0F543
:105F20002A7F03DA802005B0BDE8F083FAF74AFB48
:105F30008020FAF755FC5520FAF752FC5520FAF765
:105F40004FFCFAF735FB9620FAF74CFBFAF73AFBD1
:105F50008020FAF745FC5520FAF742FC5520FAF765
:105F60003FFCFAF725FB9620FAF73CFB002005B032
:105F7000BDE8F0832DE9F04381B000208DF80300E7
:105F8000FAF740FB0DF1030400202146FAF71CFC50
:105F9000FAF72EFB9620FAF725FBFAF733FB0020E1
:105FA0002146FAF711FCFAF723FB9620FAF71AFBC1
:105FB000FAF728FB1420B621FAF72AFCFAF718FBA7
:105FC0005020FAF70BFBFAF71DFB00202146FAF7E9
:105FD000FBFBFAF70DFB9620FAF704FBFAF712FB2E
:105FE00000202146FAF7F0FBFAF702FB9620FAF7B9
:105FF000F9FA9DF803000F282FD149F6010900276F
:10600000C0F600090DF10308FAF7FCFA07EB4700A8
:1060100009EB000419F80060657830462946FAF764
:10602000F7FBFAF7E5FA9620FAF7DCFAFAF7EAFA5C
:1060300030464146FAF7C8FBFAF7DAFA9620FAF743
:10604000D1FA9DF80300A8420BD1042F07F10107F4
:10605000DAD9002001B0BDE8F083FF2001B0BDE82F
:10606000F083A07801B0BDE8F0830000B0B582B045
:1060700000258DF80750FAF7C5FA0DF10704002046
:106080002146FAF7A1FBFAF7B3FA9620FAF7AAFA33
:10609000FAF7B8FA00202146FAF796FBFAF7A8FAC1
:1060A0009620FAF79FFAFAF7ADFA1420B621FAF71C
:1060B000AFFBFAF79DFA5020FAF790FAFAF7A2FA36
:1060C00000202146FAF780FBFAF792FA9620FAF7B9
:1060D00089FAFAF797FA00202146FAF775FBFAF7E2
:1060E00087FA9620FAF77EFAFAF78CFA3C2001211B
:1060F000FAF78EFBFAF77CFA5020FAF76FFA00BF36
:10610000FAF780FA3C202146FAF75EFBFAF770FABC
:106110009620FAF767FA9DF80710082D05F101029D
:1061200003D811F002001546EAD040200A2A18BF11
:1061300000EA011002B0B0BD80B5FAF73FFCFAF7F3
:106140005DFC40F26070C2F200000068416941F0FD
:106150000201416140F28870C2F2000000684169AA
:1061600041F00201416180BDB0B582B040F2D4651A
:10617000C2F2000528790024D5F80510C0F60A04FB
:1061800000F07F02204600F08BF9287901A900F089
:106190007F0044EA8000012200F082F99DF8071098
:1061A0009DF80400BDF8052055292870A5F80120A8
:1061B000E97006D0D5F8090018B1287940F08000C0
:1061C000287102B0B0BD000070B540F2D465C2F2D3
:1061D0000005287940F2F864D5F8051000F07F0634
:1061E000C2F20004B2002046FAF7D5F8286800256C
:1061F000C0F60A0544F826002846012100F03AF9C5
:1062000028462146072200F053F970BD10B5012938
:10621000024607D0D1B902F10C001146FDF786FB0A
:10622000002010BD40F2D064C2F2000402F10C0064
:1062300011462246FDF754FB208844F6216188422E
:106240004FF0000024BF2080012010BD002010BDB1
:1062500010B540F2D464C2F20004207940F22471F7
:1062600000F080000630207140F24000C2F20000D1
:106270000068C2F20001C4F80510C4F80900FFF775
:1062800073FFE07855280AD1D4F80920002A08BF06
:1062900010BD40F22470C2F200000021904710BDF2
:1062A00040F2000840F2E269C4F20208C2F20009BA
:1062B000012089F8000040460121FBF791FD40F2E2
:1062C000D46740F2102A40F2E16640F2247545F6A8
:1062D000471BC2F20007C2F2000AC2F200060D24F8
:1062E000C2F20005C5F2525B03E000BF012000F0DE
:1062F000EDFD40460121FBF773FD18B999F8001038
:10630000012906D09AF80010012906D19AF8011047
:1063100019B9397941F0800139719AF8001089F87A
:10632000000000208AF80110307005E03078411C30
:10633000C8B288423170D9D000FB047090F90410C3
:10634000B1F1FF3FF2DCD0F80920002AEED0284658
:10635000012190470028E9D0307810FB04710A79B8
:10636000604347F800B002F07F000871FFF72CFF90
:10637000DCE7000040F20800C2F2000000684DF6C1
:106380008361C4F21B31A0FB011244F6D351C1F268
:106390006201A0FB0101900C40F2F462C2F2000223
:1063A0001070880940F2F061C2F200010860704785
:1063B00080B54EF2180140F2F462CEF20001C2F252
:1063C000000251F804CC1278002302FB00FE08689A
:1063D0000A689042FCD003449B1A904298BF6344E1
:1063E0007345104628BF80BDF2E70000B0B50168D4
:1063F000406840F2E86CC2F2000C40F26422CCE942
:106400000010C8B2C2F2000201F001015170C0F3E5
:10641000C001C0F340039170C0F380011370D170CC
:1064200040F26022C0F34011C2F200021170C0F3CA
:1064300000115170C109C0F38010D0709CF80100A8
:1064400040F2D814C2F20004BCF90650A083DCF874
:1064500002009170290341EA105001B20811C917D6
:1064600003F0B0F860602811E91703F0ABF8E060C2
:10647000B0BD000010B586B00C4600F05DF803908A
:10648000002001900220CDE90440FBF763FB01A846
:106490006946FBF7B7FAFBF70FFB06B010BD00002B
:1064A00080B50346920008461946F9F774FF80BD8F
:1064B0002DE9F04381B0144688460646FBF74AFBB7
:1064C00040F22077C2F2000730463E6000F0BAF892
:1064D00040F21C79C2F2000940F2147540F21876BD
:1064E000C9F80000C2F20005C2F200060020C5F89B
:1064F000008030603968D9F80000814213D82868DC
:10650000002302680220FBF7E1FA70B938682968B5
:1065100004303860081D31682860481CA042306093
:10652000E8D1002402E0002400E0FF24FBF7C4FAD5
:1065300060B201B0BDE8F08300F17841B1F5803F71
:106540003CBF880B704740F60101B1EB104F04BF10
:10655000042070470022CFF2FE7202F10061014078
:106560008818B0F5202F3EBF052101EB5040704741
:106570000020C0F6010000F530220B20914208BF38
:106580000A207047F0B581B02DED028B90ED001A16
:1065900090ED012A90ED030A90ED023A21EE000AF7
:1065A00022EE033A21EE011A22EE022A31EE021AFD
:1065B00030EE030A31EE011ABFEE008A30EE000A17
:1065C00071EE080A1C4616460F46054602F04EFEBE
:1065D00087ED000A95ED000A95ED011A95ED032A65
:1065E00095ED023A21EE021A20EE030A31EE400A3E
:1065F000B8EE001A20EE010A02F0A2FD86ED000AB4
:1066000095ED001A95ED010A95ED022A95ED033AF4
:1066100021EE000A22EE032A30EE020A21EE011AD0
:1066200023EE032A31EE021A31EE011A30EE000A8F
:1066300071EE080A02F01AFE84ED000ABDEC028B2E
:1066400001B0F0BD4FF6FF7120EA0101B1F1006F1A
:1066500005D100F5804043F6FF718843704740F64E
:106660000101B1EB104F40F20001C0F6010104BF7F
:1066700001F5803070470023CFF2FE7303F1006212
:106680000240D018B0F5202F3CBF02F50030704713
:1066900001F530234FF001609A4208BF01F5502008
:1066A00070470000002818BF002900D17047002A59
:1066B00008BF704791ED000A9FED101A90ED002A77
:1066C00020EE010A32EE400A80ED000A91ED010A47
:1066D00090ED012A20EE010A32EE400A80ED010A17
:1066E00091ED020A90ED022A20EE010A118832EEA5
:1066F000400A80ED020A481C1080704752499D39BB
:106700002DE9F04140F2AC60C2F2000090ED010AC8
:1067100090ED021A90ED032A90ED053A90ED064AAD
:1067200090ED075A40F65820C2F2000090ED016A41
:1067300090ED027AD0ED030A40F2700040F24C0175
:1067400040F21802C2F20000C2F20001C2F20002DE
:1067500040F2507C40F2302E40F2946840F218250E
:1067600040F6682640F23C2708380839083A0023EA
:10677000C2F2000CC2F2000EC2F20008C2F2000522
:10678000C2F20006C2F20007D1ED021AD1ED032ACF
:10679000D1ED043A63EE211A64EE222A0CEB0304D5
:1067A00071EEA21A65EE232AD4ED003A71EEA21A18
:1067B00073EEA11A0EEB0304C4ED001AD2ED021A17
:1067C000D2ED032AD2ED043A60EE211A61EE222ABC
:1067D00008EB030471EEA21A62EE232AD4ED003A0C
:1067E00071EEA21A73EEA11AEC18C4ED001AD0EDE6
:1067F000021AD0ED032AD0ED043A66EE211A67EEB4
:10680000222AF41871EEA21A60EEA32AD4ED003AFF
:1068100071EEA21AFC18043373EEA11A0C310C327B
:106820000C2B00F10C00C4ED001AADD1BDE8F081D5
:1068300010B540F25C72EFF311844FF0500080F31A
:106840001188BFF36F8FBFF34F8FC2F20002107831
:1068500040F2A56140F2A46CC007C2F20001C2F28E
:10686000000C15D040F6C403C2F20003986C006817
:106870000068C0070CD1D86C00680068C00707D159
:10688000087880075CBF9CF800005FEA807034D510
:106890000878C00715D040F6C403C2F20003986C14
:1068A00000680068C0070CD1D86C00680068C00799
:1068B00007D1107880075CBF9CF800005FEA807009
:1068C0003AD59CF80000C00714D040F6C403C2F2C9
:1068D0000003986C00680068C0070BD1D86C006892
:1068E0000068C00706D1107880075CBF08785FEAAF
:1068F00080703ED584F3118810BD1078012100F01E
:10690000FE001070107840F0020010700020C4F2F9
:10691000020000F580600022FBF768FA40F24400B4
:1069200040F24871C2F20000C2F200010822FEF7F4
:1069300075F884F3118810BD0878002200F0FE007D
:106940000870087840F0020008700020C4F20200CD
:106950001021FBF74BFA40F20C0040F27061C2F2DA
:106960000000C2F200010922FEF758F884F31188F2
:1069700010BD9CF80000102100F0FE008CF8000013
:106980009CF80000002240F002008CF8000000207B
:10699000C4F20200FBF72AFA40F23C0040F2A06188
:1069A000C2F20000C2F200010422FEF737F884F3BD
:1069B000118810BD40F67411C2F2000109684863E5
:1069C0007047000010B540F2F560C2F20000017897
:1069D00001291AD140F60824C2F20004DFED1B0A97
:1069E000204600F0E7FA94ED0D0AB5EE400AF1EE0C
:1069F00010FABCBF0020606394ED0D0ABDEEC00A22
:106A000010EE100AFFF7D6FF10BD9FED101AB4EE7E
:106A1000410AF1EE10FA14DD40F60521C2F2000140
:106A20000A780132D3B2C92B0A700AD3012101704E
:106A300040F6082044F20001C2F20000C4F21C51EA
:106A4000C16241F28730FFF7B5FF10BD0000204260
:106A500045F6DF1110EE100AC5F63771BEEE001ACA
:106A6000A1EB600020EE011A00EE100A21EE001AE0
:106A700021EE001AB7EE082A31EE021A21EE000AC2
:106A8000704700007047000080B584B002460120C6
:106A90000DF10F01CDE9001040F670004FF0640CCD
:106AA000C2F200001C210123CDF808C0FBF776FAE2
:106AB0009DF80F0004B080BD80B584B002468DF80B
:106AC0000F1001200DF10F01CDE9001040F670000C
:106AD0004FF0640CC2F200001C210123CDF808C065
:106AE000FBF764FB04B080BD80B541F60000C4F242
:106AF000020040210122FBF779F980BD80B541F603
:106B00000000C4F2020040210022FBF76FF980BDB3
:106B10007047000080B500F0D9F980BD2DE9F04143
:106B2000FFF7B0FFFFF7F4FFFFF7E8FF3220FFF7B2
:106B3000F1FFFFF7D9FF3220FFF7ECFF0020FFF74E
:106B4000A3FF10281CBF4020BDE8F0810120FFF703
:106B5000E1FF49F280780026C0F6000806EB460007
:106B600008EB000718F800407D7820462946FFF71B
:106B7000A3FF0120FFF7CEFF2046FFF785FF044665
:106B80000120FFF7C7FFAC4206D1022E06F1010635
:106B9000E4D90020BDE8F081B878BDE8F0810000BC
:106BA000FBF702FCFEF71EFEFDF7CEF9FDF798F8A5
:106BB000FDF752F8FDF772F8FDF7C6FAFDF7E4FAB3
:106BC000FDF706FBFDF728FBFDF7AEF800F086F9B0
:106BD000FEE70000B0F1840118BFC11C08467047F1
:106BE00010B52DED048B40F604349FED2B8AC2F2D4
:106BF00000049FED270ADFED270A04F14400F1EEBF
:106C0000001AB1EE082AB0EE481A00F027FA9FEDFC
:106C1000230ADFED231A9FED232A2046F0EE480ACF
:106C2000B0EE481A00F01AFA40F678249FED209A48
:106C3000C2F200049FED1C1ADFED1C1A04F144009F
:106C4000B2EE0E0AF0EE480AB0EE492A00F006FA5B
:106C50009FED181A9FED182AB1EE0C0A2046F0EEAF
:106C6000480AF0EE491A00F0F9F940F69030DFEDED
:106C7000130ADFED131A9FED132AC2F20000B2EEE1
:106C8000040AB0EE481A00F0E9F9BDEC048B10BD1F
:106C900048507C3B499D803C000000000000584269
:106CA0000000204300409C4500008C420000484406
:106CB0000060EA460000204200606A469A99193F47
:106CC00000007A4400401C4610B540F268224FF0A4
:106CD000000CC2F200024FF0FF0E002106E000BFE0
:106CE0000131082902F1010208BF10BD002307E0AD
:106CF00012F83340E44302F833400133802BEFD0E5
:106D000020B10128F4D102F833E0F6E702F833C0ED
:106D1000F3E7000010B541F20044C4F2020420463B
:106D200002210022FBF762F84FF4FA70FAF756FEE0
:106D3000204602210122FBF759F8AE20002100F085
:106D4000A9F80020002100F0A5F81020002100F093
:106D5000A1F84020002100F09DF88120002100F0E2
:106D600099F8CF20002100F095F8A120002100F033
:106D700091F8C820002100F08DF8A620002100F035
:106D800089F8A820002100F085F83F20002100F0BC
:106D900081F8D320002100F07DF80020002100F0D0
:106DA00079F8D520002100F075F88020002100F04E
:106DB00071F8D920002100F06DF8F120002100F0D9
:106DC00069F8DA20002100F065F81220002100F0B7
:106DD00061F8DB20002100F05DF84020002100F088
:106DE00059F82020002100F055F80220002100F081
:106DF00051F88D20002100F04DF81420002100F002
:106E000049F8A420002100F045F8A620002100F058
:106E100041F8AF20002100F03DF8AF20002100F044
:106E200039F80020FFF750FF0020002100F01EF885
:106E300010BD000070B540F268250024C2F20005C4
:106E4000E1B2002000F012F86FF00706A819007AEE
:106E5000012100F01FF80836B6F57E7FF6D1013427
:106E6000082C05F1010508BF70BDE9E710B5841CC9
:106E7000A1F15000C0B2002100F00CF8102040EA4F
:106E80001410002100F006F804F0F000002100F0DA
:106E900001F810BD80B582B08DF8070041F20040C6
:106EA0000A460029C4F202004FF0010118BF012276
:106EB000FAF79CFF40F61C10C2F200000DF107012A
:106EC00001220A23FBF71CFF02B080BD80B5002819
:106ED00008BF012001F02EF8002080BD80B501F030
:106EE000DDF9002080BD000080B582B0826862B10B
:106EF000C36853B1D0E900C14FF0000E6046CDF831
:106F000000E001F013FB02B080BDD0E90021104683
:106F1000002201F0EBFA02B080BD00002DE9F04341
:106F200085B047690C46A7B1856995B1D0E900865F
:106F3000D0F81090B0F90800FFF74CFECDE900073B
:106F4000304641464A462346029501F0EDFD049045
:106F500013E0D0E90056078AB0F90800FFF73AFEBF
:106F60000DF1100C0090304629463A462346CDF8E4
:106F700004C001F0A5FD012803D1049805B0BDE8C7
:106F8000F083002005B0BDE8F083000020B940F692
:106F9000B840C2F20000006800281CBF34307047BF
:106FA0004FF0500080F31188BFF36F8FBFF34F8F06
:106FB000FEE7000090ED013A80ED050A90ED071A1A
:106FC00030EE604A90ED000A90ED032A90ED0B6AD6
:106FD00024EE033A80ED081A80ED074A90ED025A3C
:106FE00024EE000A36EE033A34EE411AB1EE424A7C
:106FF000B4EE443A21EE051AF1EE10FAC0ED060A9D
:1070000080ED0A0A80ED0B3A80ED0C1A08DDB4EE33
:10701000423AB0EE424AF1EE10FAB8BFB0EE434A3F
:1070200090ED042A30EE040A31EE001AB1EE420A65
:10703000B4EE401AF1EE10FA80ED0B4A80ED0D1A15
:1070400008DDB4EE421AB0EE420AF1EE10FAB8BF13
:10705000B0EE410A80ED0D0A7047000080EC050A91
:1070600070470000F0B581B00D4646F6704140F61D
:10707000B846C2F20001C2F200060F683168044649
:10708000081D00F0DFFD10B1601C0FD019E0306862
:1070900046F61C12C06AC2F200020121136801FA0E
:1070A00000F023EA00001060601C0AD14DB1306886
:1070B000011D46F64840C2F2000000F01FFE01B07C
:1070C000F0BD3068E41944600AD340F6C840C2F20B
:1070D000000000683168043100F0F2FD01B0F0BD3D
:1070E00040F6C040C2F2000000683168043100F090
:1070F000E7FD46F6D430C2F2000001688C4238BF8A
:10710000046001B0F0BD000070B5044600F00EFE52
:1071100046F60C10C2F20000016840F6B845013195
:107120000160C2F20005296846F63C46C2F200063C
:1071300041B1306860B92868E16AC06A884298BF86
:107140002C6005E02C600068012801D100F0B6F940
:1071500046F61810C2F20000016846F61C12013112
:107160000160E06AC2F20002012113688140194304
:10717000116040F6D04100EB8000C2F2000101EB4B
:107180008000211D00F0BAFD00F0F4FD306880B1F0
:107190002868E16AC06A884228BF70BD4EF6045074
:1071A000CEF200004FF080510160BFF34F8FBFF36C
:1071B0006F8F70BD70B582B000F0B8FD46F67446B2
:1071C000C2F20006306850BB46F62014C2F200043A
:1071D000204600F065FD46F63415C2F2000528464B
:1071E00000F05EFD40F6BC40C2F20000046040F6D4
:1071F000CC40C2F2000040F6F43240F66C43056029
:107200000025C2F20002C2F200030A200C21009500
:1072100001F08CF9306010B103A100F055FE00F0D0
:10722000A9FD02B070BD00BF546D72510000000096
:10723000F0B581B046F61015C2F200052868E0B13D
:1072400046F65C4646F60C17C2F20006C2F200078C
:1072500000F06CFDF068C468201D00F0F3FC386895
:107260000138386028680138286000F083FD204626
:1072700000F058F828680028EAD101B0F0BD0000FD
:1072800080B5026C002A08BF80BDD0E902C3134458
:10729000C360634524BF0368C360C36808461946DA
:1072A000F9F779F880BD000070B5866B036C044671
:1072B000E3B115461AB3E0681A46F9F76CF8E168CD
:1072C000206C2268091A9142E16003D2A168404211
:1072D0000844E060A81EB0FA80F040093146002E54
:1072E00018BF01210840361A002516E02068002545
:1072F00098B9A06801F074FDA56005460DE06068CE
:107300001A46F9F748F8216CD4E90102002508442F
:107310006060904224BF20686060711C2846A163B1
:1073200070BD000010B5044690F85100022808BF57
:1073300010BD012803D030B9206B00F033FD20468A
:1073400000F030FD10BD4FF0500080F31188BFF306
:107350006F8FBFF34F8F00BFFEE7000040F6BC41C8
:10736000C2F2000109680A68B2FA82F35B0903609D
:10737000002A0EBF0020C8680068704740F66050C1
:10738000C2F20000C21D22F0070210F0070CA0EBB1
:10739000020318BF104646F64042C2F20002002126
:1073A000C2E9000145F6A032BCF1000F18BF1A4433
:1073B0000244083A40F6C44322F00702C2F2000336
:1073C0001A60C2E90011111A1A68C0E9002146F6D4
:1073D000D030C2F20000016046F67410C2F2000024
:1073E000016046F64810C2F20000012101707047AA
:1073F00040F6D0444EF60455C2F20004CEF2000529
:107400004FF08056FFF714FF20680228FAD32E6051
:10741000BFF34F8FBFF36F8FF4E7000080B50029F3
:1074200014BF1A601B60C3E90F011846012101F067
:10743000C7F880BD2DE9F047DDE909878246386B42
:10744000089C00EB82000438994620F0070679B1C9
:1074500007F13400002200BF8B5C83548B5C1BB1AE
:107460000F2A02F10102F7D3002087F8430002E05F
:10747000002087F834000025381D062C28BF06247C
:10748000FC62C7E9114500F017FC07F1180000F095
:1074900013FC84F00700B861304651464A463F610C
:1074A0007F62FD6487F8505000F06CFBB8F1000F6C
:1074B000386018BFC8F80070BDE8F087B0B540F676
:1074C000D0450024C2F20005281900F0E9FB14346D
:1074D0008C2CF9D146F64C14C2F20004204600F080
:1074E000DFFB46F66015C2F20005284600F0D8FB27
:1074F00046F6E830C2F2000000F0D2FB46F65C40EF
:10750000C2F2000000F0CCFB46F64840C2F2000098
:1075100000F0C6FB40F6C040C2F20000046040F636
:10752000C840C2F200000560B0BD000080B546F65C
:107530004042C2F2000200BF114612688242FBD3F1
:10754000D1F804C001EB0C03834203D140686044CE
:1075500048600846D0F804C000EB0C03934201D009
:1075600013460BE040F6C443C2F200031B689A4284
:1075700004D0D2E9003E0EEB0C024260814203606F
:1075800018BF086080BD000080B58C46014641F8F8
:1075900004CF9445006108D99A4201D29C4511D28A
:1075A00040F6BC40C2F2000007E08069D21A824275
:1075B00008D240F6CC40C2F20000006800F080FB28
:1075C000002080BD012080BD10B5044600F0AEFB58
:1075D000A06BB0FA80F0440900F0CCFB204610BD4F
:1075E00010B5044600F0A2FBA06BE16B401AB0FAA4
:1075F00080F0440900F0BEFB204610BD084800683A
:10760000006880F308884FF0000080F3148862B6A9
:1076100061B6BFF34F8FBFF36F8F00DF00BF00BFB6
:1076200008ED00E070B582B040F6BC42C2F2000244
:1076300012680546D2680E46D468201D00F002FB91
:1076400094F82400410704D400F0FE0084F82400DC
:1076500010E0A0693246411920462B46FFF794FFFF
:1076600040B10026204600212A460023009601F062
:107670001FFD20B1216A2046884702B070BD4FF03F
:10768000500080F31188BFF36F8FBFF34F8F00BF9F
:10769000FEE700002DE9F04186B046F67447C2F2DD
:1076A0000007386803A900224FF0000801F002F932
:1076B000002861D002AC03AD0BE000F0FE0086F8BC
:1076C000240000BF38682946002201F0F3F80028A2
:1076D00052D003980028F5D4059E706910B1301D72
:1076E00000F0B0FA204600F0B3F803990929E9D870
:1076F0000246DFE801F0080808052A390808052ACB
:1077000096F82400D9E796F82400049BB16940F06C
:10771000010086F8240019443046FFF735FF0028A1
:10772000D0D0316A3046884796F824004007C9D542
:107730000498B16900230A1830460021CDF8008072
:1077400001F0B6FC0028BDD123E096F8240040F0FB
:107750000101049886F82410B06180B18118304688
:107760001346FFF711FFADE796F824008107A4D474
:10777000304600F017FBA5E706B0BDE8F0814FF0FA
:10778000500080F31188BFF36F8FBFF34F8F00BF9E
:10779000FEE74FF0500080F31188BFF36F8FBFF307
:1077A0004F8F00BFFEE7000070B582B00E46044662
:1077B00000F0C6FD01A800F04BF8019919B101F0E5
:1077C000B1FB02B070BD05464EB9A54207D301F02A
:1077D000A9FB20462946FFF725FF02B070BD4EB138
:1077E00040F6CC40C2F2000000680068B0FA80F0B9
:1077F000420900E0002246F67440C2F20000006830
:10780000611B00F075FB01F08DFB0028D9D14EF60D
:107810000450CEF200004FF080510160BFF34F8F53
:10782000BFF36F8F02B070BD40F6C040C2F20000DF
:107830000168096821B10068C068C068406801E05B
:107840004FF0FF3046F6D431C2F2000108607047B5
:1078500070B5044601F00CFA40F6B446C2F20006D8
:1078600031680546884203D200F03EF8012000E06E
:10787000002020602846356070BD0000F0B5026829
:1078800072B3426800F1080C52686245426001D14F
:10789000526842604268D2F80CE000BF4268526809
:1078A0006245426001D15268426042680024D36858
:1078B000002200BF1D1995F834500E5D85EA0607B9
:1078C0002F4308BF1A46B54204D11DB10F2C04F155
:1078D0000104EFD312B97345E0D100221046F0BD88
:1078E00000221046F0BD00002DE9F04182B040F6C4
:1078F000BC47C2F200073868016891B34FF0000836
:1079000009E000BF606038682946246100F0D8F9BA
:107910003868016829B3C068C4680668251D284610
:1079200000F090F9216A2046884794F82400400727
:10793000EED5A0693044B042E4D82046002132465A
:107940000023CDF8008001F0B3FB0028E0D14FF018
:10795000500080F31188BFF36F8FBFF34F8F00BFCC
:10796000FEE740F6CC41C2F200010A6808603A60C6
:1079700002B0BDE8F081000081B00020009040F22C
:10798000A000C2F2000000684FF0500181F311889E
:10799000BFF36F8FBFF34F8F013001D0FEE700BF01
:1079A00000980028FCD001B07047000082B001AC04
:1079B0002046FFF7D3FC0199FFF7F6FEFFF76AFEBA
:1079C000F6E70000F0B581B0044600F0AFF994F995
:1079D0004560012E0FDB04F1240500BF286850B17B
:1079E000284601F057FA002818BF00F0A7FB70B234
:1079F000013E0128F2DCFF2684F8456000F0BAF968
:107A000000F094F994F94470012F0EDB04F1100595
:107A1000286850B1284601F03DFA002818BF00F050
:107A20008DFB78B2013F0128F2DC84F8446000F05D
:107A3000A1F901B0F0BD00002DE9F04381B004468A
:107A400000F07EFC40F6C446C2F200063068002812
:107A500008BFFFF793FC46F64818C2F2000898F8F2
:107A60000000002818BF4FF0004020420DD0002435
:107A700001F058FA60071ED04FF0500080F31188D3
:107A8000BFF36F8FBFF34F8FFEE7C4B114F0070051
:107A900004F108011EBF081A00F108015FEA4170F5
:107AA0000ED04FF0500080F31188BFF36F8FBFF3FB
:107AB0004F8F00BFFEE7204601B0BDE8F0830021F4
:107AC00046F67419C2F20009D9F800004A1E824233
:107AD000CDD246F64040C2F2000005682F4657F866
:107AE000042F8A4211D22B685BB100BF1F4657F8A2
:107AF000042F28461D468A4207D22B68002BF5D159
:107B000003E046F64040C2F2000033689D42AED02A
:107B100004682B68521A112A036010D368184307AF
:107B200009D04FF0500080F31188BFF36F8FBFF37F
:107B30004F8F00BFFEE742603960FFF7F7FC46F663
:107B4000D0303968D9F80020C2F200000368511A19
:107B50009942C9F8001038BF016098F800003968F0
:107B600000284FF0000018BF41F00041286046F6A1
:107B7000DC30C2F20000026808343960511C016038
:107B800076E70000034647F67910C0F600004FF094
:107B9000807C21F0010103E903106FF0020043F83B
:107BA000240CA3F1440043F8202C704702EE100A85
:107BB0004FF0FF30884030EEC01AB8EEC22AC04302
:107BC00021EE021A02EE100AB8EEC22A81EE021A63
:107BD00031EE000A7047000070B50D46044600F013
:107BE000A5F840F6B846C2F200063068C06C98B9F5
:107BF0003068012180F8501075B128460121FFF747
:107C000031FA4EF60450CEF200004FF08051016080
:107C1000BFF34F8FBFF36F8F00F0ACF800F086F822
:107C20003068C56C2DB131680020002C08BF681E7B
:107C3000C8643068002180F8501000F09BF8284696
:107C400070BD0000D0E9013201699A60D1F804C02A
:107C500082688445536008BF4A6000220261086858
:107C6000013808600868704746F67C33C2F20003AA
:107C7000036046F67810C2F20000086080201060B1
:107C80007047000047F27C03C2F20003036046F62F
:107C90007840C2F2000008604FF4807010607047B6
:107CA0004FF0FF31024642F8081F00214260C0E950
:107CB000032201607047000000210161704700004D
:107CC00080B5D1F800C01CF1010207D000F1080313
:107CD0009E465B681A686245FAD901E0D0F810E068
:107CE000DEF8042008614A609160C1F808E0CEF82F
:107CF000041001680131016080BD0000D0F800C0AF
:107D0000436808619A684B608A609A68996051601C
:107D10000CF1010101607047DFF80C00016841F4CB
:107D200070010160704700BF88ED00E04FF0500027
:107D300080F31188BFF36F8FBFF34F8F40F2A00025
:107D4000C2F2000001684A1C026001B170474EF6A1
:107D50000450CEF200000068000608BF70474FF0E4
:107D6000500080F31188BFF36F8FBFF34F8F00BFB8
:107D7000FEE7000040F2A000C2F20000016839B145
:107D80000139016018BF7047002080F311887047E7
:107D90004FF0500080F31188BFF36F8FBFF34F8F08
:107DA000FEE70000B0B5002808BFB0BD044646F6A7
:107DB0004810C2F20000007854F8041C002818BFD4
:107DC0004FF0004008420CD0A4F108052A6892B197
:107DD0004FF0500080F31188BFF36F8FBFF34F8FC8
:107DE000FEE74FF0500080F31188BFF36F8FBFF3B1
:107DF0004F8F00BFFEE721EA000044F8040C00F0BA
:107E00009FFA46F67411C2F2000154F8040C0A6895
:107E1000104408602846FFF789FB46F6E030C2F2BE
:107E2000000001680131016001F07CF8B0BD000084
:107E30004EF21000CEF2000000210160816040F29D
:107E40000801C2F20001096844F6D352C1F262028D
:107E5000A1FB02124FF0FF3101EB921141600721AB
:107E600001607047EFF30580102814D34EF2F03113
:107E7000CEF20001405C46F60011C2F20001097822
:107E8000884208D24FF0500080F31188BFF36F8F03
:107E9000BFF34F8FFEE74EF60C50CEF2000046F6D1
:107EA00004110068C2F20001096800F4E060884231
:107EB00098BF70474FF0500080F31188BFF36F8F69
:107EC000BFF34F8FFEE7000046F6FC3C0022C2F2F3
:107ED000000C00BF5CF8323023B10132082A08BF21
:107EE0007047F7E70CEBC2034CF83210586070474C
:107EF00070B515460E460446FFF718FF94F8440087
:107F0000FF2804BF002084F8440094F84500FF28AF
:107F100004BF002084F84500FFF72CFFA06B28B9B0
:107F200004F1240031462A4600F098F92046FFF774
:107F300049FD70BD10B5D8B1044646F61410C2F222
:107F40000000006848B14FF0500080F31188BFF383
:107F50006F8FBFF34F8F00BFFEE700F0F1F92046AF
:107F60000021FFF77FF800F0DDFF002818BF10BDEB
:107F70004EF60450CEF200004FF080510160BFF386
:107F80004F8FBFF36F8F10BDB0B590B10D46D1B11B
:107F9000044646F61410C2F200000068E8B14FF043
:107FA000500080F31188BFF36F8FBFF34F8F00BF76
:107FB000FEE74FF0500080F31188BFF36F8FBFF3DF
:107FC0004F8F00BFFEE74FF0500080F31188BFF3E2
:107FD0006F8FBFF34F8F00BFFEE700F0B1F946F699
:107FE0007040C2F2000000682268904202EB050176
:107FF00002D2914202D309E0914201D3814205D9D4
:108000002160081A0021FFF72DF800E0216000F040
:1080100089FF002818BFB0BD4EF60450CEF2000014
:108020004FF080510160BFF34F8FBFF36F8FB0BD32
:1080300070B50446FFF77AFE40F6B846002CC2F24F
:10804000000608BF3468251D2846FFF7FBFDA0B9D0
:10805000E06A40F6D04200EB8001C2F2000252F822
:10806000211051B946F61C12C2F200020121136818
:1080700001FA00F023EA00001060A06A18B104F1D0
:108080001800FFF7DFFD46F61810C2F20000016885
:1080900001310160306884420CD046F60C10C2F207
:1080A00000000168013901602046FFF73BF9FFF746
:1080B000BBFB0DE046F65C40C2F200002946FFF72C
:1080C0001DFE46F61010C2F2000001680131016089
:1080D000FFF750FE46F63C40C2F200000068E8B1EF
:1080E0003068844218BF70BD46F61410C2F200001A
:1080F000006840B14FF0500080F31188BFF36F8FDC
:10810000BFF34F8FFEE74EF60450CEF200004FF063
:1081100080510160BFF34F8FBFF36F8F70BD0000C0
:1081200046F6D831C2F200010968016046F6704196
:10813000C2F20001096841607047000047F2D000B8
:10814000C2F200000121016070470000F0B581B06B
:1081500018B305460C46FFF785FEEFF311874FF085
:10816000500080F31188BFF36F8FBFF34F8F022150
:1081700095F8500085F85010E96C012801F10101D3
:10818000E9644DD1A86A90B14FF0500080F3118896
:10819000BFF36F8FBFF34F8FFEE74FF0500080F3B8
:1081A0001188BFF36F8FBFF34F8F00BFFEE746F616
:1081B0001410C2F20000006830B146F6E83005F154
:1081C0001801C2F2000016E02E1D3046FFF73AFDFE
:1081D00046F61C12E86AC2F20002012113688140CF
:1081E0001943116040F6D04100EB8000C2F200015B
:1081F00001EB80003146FFF781FD40F6B841C2F245
:108200000001E86A0968C96A884209D9002C1CBFC4
:108210000120206047F2D000C2F20000012101607D
:1082200087F3118801B0F0BD10B568B10C4640F677
:10823000B841C2F2000109681831FFF741FD20463C
:108240000121FEF70FFF10BD4FF0500080F31188A1
:10825000BFF36F8FBFF34F8FFEE70000B0B590B153
:108260000D4640F6B841C2F20001096814461831C3
:10827000FFF744FD002C18BF4FF0FF35284621467C
:10828000FEF7F0FEB0BD4FF0500080F31188BFF351
:108290006F8FBFF34F8F00BFFEE7000010B586B0B1
:1082A000002405A804A903AACDE90444FFF7DCFCD7
:1082B000DDE9032005990023CDE9010147F2F13002
:1082C000C0F600001CA1009400F02EFC46F67831A8
:1082D000C2F20001086010B100F0B0FE0446601C5C
:1082E00020D0012C1CD14FF0500080F31188BFF337
:1082F0006F8FBFF34F8F46F6D430C2F200004FF0BD
:10830000FF31016046F63C40C2F2000001210160ED
:1083100046F67040C2F200000021016000F05CF8F7
:1083200006B010BD4FF0500080F31188BFF36F8F7F
:10833000BFF34F8FFEE700BF49444C4500000000EB
:1083400046F61410C2F20000016801310160704766
:1083500046F61410C2F20000006830B147F2D000B7
:10836000C2F2000001210160704747F2D000C2F262
:1083700000000021016046F61C10C2F200000068F7
:10838000B0FA80F0C0B2C0F11F0040F6D04100EB5F
:108390008000C2F2000151F8202092B101EB800070
:1083A00050F8041F4968021D9142016001D14968DB
:1083B0000160006840F6B841C068C2F20001086080
:1083C00070474FF0500080F31188BFF36F8FBFF3F9
:1083D0004F8F00BFFEE7000080B582B04EF2004034
:1083E000CEF200004CF27021C4F20F11D0F8002937
:1083F0004B1C9A4209D14FF0500080F31188BFF313
:108400006F8FBFF34F8F00BFFEE7D0F800298A427D
:1084100009D14FF0500080F31188BFF36F8FBFF385
:108420004F8F00BFFEE7017846F600120191FF2151
:1084300001700178C2F200028DF803109DF803105C
:1084400001F05001117046F60411C2F2000107223A
:108450000A609DF90320B2F1FF3F0CDC0A6800BFFF
:108460009DF80330013A5B008DF803309DF903302D
:10847000002BF5D40A600A68032A2DD14FF4E0637B
:1084800003EA02220A6001990170D0F8201941F430
:108490007001C0F82019D0F8201941F07041C0F8DF
:1084A0002019FFF7C5FC40F2A000C2F20000002135
:1084B0000160FFF731FC4EF63470CEF20000016827
:1084C00041F040410160FFF799F8FFF741FFFFF7E6
:1084D00053FA002002B080BD4FF0500080F31188A5
:1084E000BFF36F8FBFF34F8FFEE7000070B598B1F9
:1084F0000446484348300D46FFF79EFA064648B109
:10850000002006F1480286F84600204629463346F8
:10851000FEF784FF304670BD4FF0500080F31188A5
:10852000BFF36F8FBFF34F8FFEE7000010B582B02F
:1085300068B11C46ABB1F1B9EAB14FF0500080F31D
:108540001188BFF36F8FBFF34F8F00BFFEE74FF06F
:10855000500080F31188BFF36F8FBFF34F8F00BFC0
:10856000FEE74FF0500080F31188BFF36F8FBFF329
:108570004F8F00BFFEE751B14AB94FF0500080F372
:108580001188BFF36F8FBFF34F8F00BFFEE7482303
:108590000193019B482B09D1019B012384F84630AC
:1085A0002346FEF73BFF204602B010BD4FF05000BF
:1085B00080F31188BFF36F8FBFF34F8FFEE700008A
:1085C00070B5F8B104460E46FFF7B0FB2068D4E959
:1085D0000F12002502FB0103013901FB0201A56313
:1085E000C4E90103FF20E16084F8440084F84500F9
:1085F00004F110007EB1FFF753FB04F12400FFF7F4
:108600004FFB18E04FF0500080F31188BFF36F8FDD
:10861000BFF34F8FFEE7016869B100F03BFC50B13A
:108620004EF60450CEF200004FF080510160BFF3CF
:108630004F8FBFF36F8FFFF79DFB012070BD0000D0
:108640002DE9F04F83B00292B8B11D460E460446A4
:10865000E9B1022D03D1E06B012840F09A8000F0CF
:10866000F3FA00BB0298F0B14FF0500080F311888C
:10867000BFF36F8FBFF34F8FFEE74FF0500080F3D3
:108680001188BFF36F8FBFF34F8F00BFFEE7206CE1
:108690000028DED04FF0500080F31188BFF36F8FB9
:1086A000BFF34F8FFEE7FFF741FBA06B022D58D0C1
:1086B000E16B884255D304F1100801206F464FF05A
:1086C000000B0DF108094FF0805A00BF02990029F4
:1086D00000F07B80C00702D03846FFF721FDFFF78E
:1086E00049FBFFF72DFEFFF721FB94F84400FF281C
:1086F00008BF84F844B094F84500FF2808BF84F808
:1087000045B0FFF737FB3846494600F095F9002899
:108710005ED12046FEF764FFA0B102994046FFF704
:1087200083FD2046FFF74EF900F0FCFB78B94EF6CA
:108730000450CEF20000C0F800A0BFF34F8FBFF38B
:108740006F8F04E02046FFF73DF900F0EBFBFFF7E9
:10875000EDFAA06B022D04D0E16B88424FF00000CF
:10876000B4D2204631462A46FEF79EFD54F8241F17
:10877000C9B1204600F08EFB08B34EF60450CEF28D
:1087800000004FF080510160BFF34F8FBFF36F8F38
:1087900015E04FF0500080F31188BFF36F8FBFF3E7
:1087A0004F8F00BFFEE750B14EF60450CEF20000EE
:1087B0004FF080510160BFF34F8FBFF36F8FFFF712
:1087C000D9FA012003B0BDE8F08FFFF7D3FA04E037
:1087D0002046FFF7F7F800F0A5FB002003B0BDE846
:1087E000F08F00002DE9F04381B0E8B11E469146BC
:1087F00005460F4609B3022E02D1E86B012837D196
:10880000FFF730FBEFF311884FF0500080F3118831
:10881000BFF36F8FBFF34F8FA86B022E19D0E96B98
:10882000884216D300203FE04FF0500080F31188BB
:10883000BFF36F8FBFF34F8FFEE7286C0028DAD0AD
:108840004FF0500080F31188BFF36F8FBFF34F8F4D
:10885000FEE795F84540A86B284639463246FEF7B4
:1088600023FDFF2C0DD0601C85F8450001201BE086
:108870004FF0500080F31188BFF36F8FBFF34F8F1D
:10888000FEE755F8240F70B1284600F003FB0146BF
:10889000B9F1000F4FF0010006D000291CBF0120E4
:1088A000C9F8000000E0012088F3118801B0BDE89C
:1088B000F08300002DE9F04F85B0049298B10C468A
:1088C0000546002900F0A58000F0BEF9A8B904987B
:1088D00098B14FF0500080F31188BFF36F8FBFF352
:1088E0004F8F00BFFEE74FF0500080F31188BFF3B9
:1088F0006F8FBFF34F8F00BFFEE705F1240005F136
:108900001009019002AF0DF1100A4FF000080AE0C3
:108910002846FFF757F800F005FB2846FEF754FEFF
:10892000002840F08480FFF701FAD5F838B0BBF199
:10893000000F1DD028462146FEF7A2FCABF1010036
:10894000A863286970B1484600F0A4FA50B14EF609
:108950000450CEF200004FF080510160BFF34F8F02
:10896000BFF36F8FFFF706FA00200126A0B95FE082
:10897000049850B1B8F1000F02D13846FFF7D0FB90
:108980004FF00108012038B952E0FFF7F3F9002653
:10899000002000284CD000BFFFF7ECF9FFF7D0FC17
:1089A000FFF7C4F995F84400FF2804BF002085F8BC
:1089B000440095F84500FF2804BF002085F84500D5
:1089C000FFF7D8F93846514600F036F800289FD115
:1089D0002846FEF7F9FDB0B104990198FFF724FC91
:1089E0002846FEF7EFFF00F09DFA00289BD14EF6D7
:1089F0000450CEF200004FF080510160BFF34F8F62
:108A0000BFF36F8F8FE72846FEF7DCFF00F08AFA8E
:108A100089E7286C00283FF457AF4FF0500080F3EF
:108A20001188BFF36F8FBFF34F8F00BFFEE70026A3
:108A3000304605B0BDE8F08FB0B5D0B10D4611B3EA
:108A40000446FFF773F946F67040C2F20000016871
:108A50002868421C21D046F6D8336268C2F200036F
:108A6000D3F800C091421AD323689C4517D0012443
:108A700022E04FF0500080F31188BFF36F8FBFF3F7
:108A80004F8F00BFFEE74FF0500080F31188BFF317
:108A90006F8FBFF34F8F00BFFEE700240CE0891AF1
:108AA000884206D9401A28602046FFF739FB002487
:108AB00002E0002001242860FFF75CF92046B0BDE9
:108AC0002DE9F04383B00746900098461546894645
:108AD000FEF7B2FF78B106465420FEF7ADFF38B17D
:108AE0000446066354B94FF0FF3003B0BDE8F0838D
:108AF0003046FFF757F90024002CF4D0DDE90A10C6
:108B0000002284F85120CDE90010384649462A4613
:108B100043460294FEF78EFC2046FEF7F5FA01204C
:108B200003B0BDE8F083000070B586B00B9CCCB1FB
:108B30000C9E06B354250495049D542D25D1049D07
:108B4000DDF828C0022586F8515005AD3463CDE923
:108B500000C50296FEF76EFC3046FEF7D5FA059882
:108B600006B070BD4FF0500080F31188BFF36F8FD7
:108B7000BFF34F8FFEE74FF0500080F31188BFF333
:108B80006F8FBFF34F8F00BFFEE74FF0500080F3B1
:108B90001188BFF36F8FBFF34F8F00BFFEE7000058
:108BA000F0B581B00446F7F7D7FB102809D34FF092
:108BB000500080F31188BFF36F8FBFF34F8F00BF5A
:108BC000FEE7FFF7BDFB40F6D0477826C2F200076C
:108BD000B8192146FEF752FE054618B9002EA6F137
:108BE0001406F5D13DB18DB1DDB125B300F09AF990
:108BF000284601B0F0BD40F6C040C2F20000006857
:108C00002146FEF73BFE0546002DEDD140F6C8405B
:108C1000C2F2000000682146FEF730FE0546002D36
:108C2000E3D146F64840C2F200002146FEF726FE98
:108C30000546002DDAD146F65C40C2F2000021461E
:108C4000FEF71CFE0546D1E746F63C40C2F20000A6
:108C50000068002804BF0120704746F61410C2F2D5
:108C600000000068B0FA80F0400940007047000042
:108C700046F67040C2F20000006870472DE9F04FE0
:108C800081B046F61410C2F20000006840B146F60A
:108C9000E430C2F2000001680024013101609BE071
:108CA00046F67040C2F2000001684E1C066021D3F7
:108CB00040F6C040C2F200000168096849B14FF0B7
:108CC000500080F31188BFF36F8FBFF34F8F00BF49
:108CD000FEE740F6C842C2F2000201681368036072
:108CE00046F6D8301160C2F200000168013101601F
:108CF000FEF79AFD46F6D431C2F20001086840F64C
:108D0000B84A8642C2F2000A01D200244EE040F680
:108D1000C04BC2F2000BDBF8000000240068D8B39F
:108D200046F61C190127C2F200091FE0D8F82C00F2
:108D3000D9F8001007FA00F21143C9F8001040F604
:108D4000D04100EB8000C2F2000101EB8000294617
:108D5000FEF7D4FFD8F82C00DAF80010C96ADBF867
:108D600000208842106828BF3C46C0B1DBF80000F4
:108D7000C068D0F80C80454655F8040F864210D3E1
:108D80002846FEF75FFFD8F828000028CED008F16B
:108D90001800FEF757FFC9E74FF0FF3005E04FF02E
:108DA000FF3046F6D431C2F200010860DAF8000064
:108DB00040F6D041C06AC2F2000100EB800051F8D9
:108DC0002000012847F2D000C2F2000088BF012431
:108DD0000068002818BF0124204601B0BDE8F08FCC
:108DE00070B580B1044640F6B840C2F20000006899
:108DF000A0420BD04FF0500080F31188BFF36F8F6B
:108E0000BFF34F8FFEE70026304670BDA06CB8B3AD
:108E100001384FF00006A06430D1E06A616C8842EE
:108E20002CD0251D2846FEF70DFF002840F6D04027
:108E300046F61C11C2F20000C2F200010CD1E26A37
:108E400002EB820350F8233033B901230E6803FA92
:108E500002F226EA02020A60626C0126C2F10703EE
:108E6000E262A3610B6806FA02F423430B6002EB93
:108E7000820100EB81002946FEF740FF304670BDBD
:108E80004FF0500080F31188BFF36F8FBFF34F8F07
:108E9000FEE70000B0B5C068C5687DB105F11804F3
:108EA0002046FEF7CFFE46F61410C2F2000000681E
:108EB00068B146F6E830C2F200001EE04FF0500004
:108EC00080F31188BFF36F8FBFF34F8FFEE72C1D28
:108ED0002046FEF7B7FE46F61C12E86AC2F2000210
:108EE0000121136881401943116040F6D04100EB25
:108EF0008000C2F2000101EB80002146FEF7FEFE79
:108F000040F6B841C2F20001E86A0968C96A8842BD
:108F100091BF002047F2D001C2F20001012088BFBA
:108F20000860B0BD2DE9F04F81B046F61414C2F2CE
:108F30000004206868B1FEF7F9FE2068013820605F
:108F4000206880B10024FEF715FF204601B0BDE87F
:108F5000F08F4FF0500080F31188BFF36F8FBFF395
:108F60004F8F00BFFEE746F60C10C2F2000000680B
:108F700000285FD046F6E836C2F20006306847F2B5
:108F8000D008C2F2000898B346F61C1540F6D04946
:108F900040F6B84A4FF0010BC2F20005C2F20009D8
:108FA000C2F2000AF068C76807F11800FEF74AFE2F
:108FB0003C1D2046FEF746FEF86A29680BFA00F2CF
:108FC000114300EB8000296009EB80002146FEF789
:108FD00095FEF86ADAF80010C96A884228BFC8F816
:108FE00000B030680028DDD1002F18BFFEF71CFC50
:108FF00046F6E434C2F2000425685DB1012600BFE4
:10900000FFF73CFE002818BFC8F80060013DF7D10B
:1090100000202060D8F8000070B14EF60450CEF267
:1090200000004FF080510160BFF34F8F0124BFF368
:109030006F8F88E7002486E7002484E780B586B038
:10904000FEF7B8F846F67440C2F20000006808B3B4
:109050000020CDE9040005A804A903AAFEF712FE2A
:10906000DDE903200221DDF814C0CDE9001047F648
:10907000AD10C0F600000CA10023CDF808C0FFF72A
:1090800053FD47F27801C2F20001086010B10120DF
:1090900006B080BD4FF0500080F31188BFF36F8F92
:1090A000BFF34F8FFEE700BF546D7220537663000D
:1090B00010B584B0A8B146F67444C2F200048446E8
:1090C0002068C0B10529CDE90112CDF80CC015DC2E
:1090D000FFF7BAFD01462068022916D1069A01A9B8
:1090E00015E04FF0500080F31188BFF36F8FBFF38E
:1090F0004F8F00BFFEE7002004B010BD01A91A4643
:109100000023FFF76FFB04B010BD01A9002200236C
:10911000FFF796FA04B010BD4100080218BF042002
:109120000A0E18BF40F001004FF07F4232EA010101
:1091300008BF40F00200012808BF0520704700006A
:1091400010B54FF00E402DED028BB0EE408A18EEB8
:10915000104A00EB4400B0F1506F4AD84FF0FC4089
:10916000B0EB440F22D2B0EEC80AF7EE000A30EEA0
:10917000C00AF6EE000A60EE208A18EE900A00F0AF
:10918000FFF901EE100A14F0004F1DBFDFED2D0AAC
:109190009FED2D0AB1EE411ADFED2C0A08BF9FEDBD
:1091A0002C0AF8EE001A21EE218A05E0DFED290AEB
:1091B00068EE088AB0EE600A9FED271ADFED271AE5
:1091C00030EE080A48EE811A9FED251A08EEA11A22
:1091D000DFED241A48EE811A9FED231A08EEA11A3A
:1091E00068EE281ABDEC028B01EE810A30EE200AEF
:1091F00010BD4FF0E440B0EB440F0CD918EE100A4C
:10920000FFF78AFF042808BF00F0B2F9B0EE480A61
:10921000BDEC028B10BD4FF07F40B0EB440F07D286
:10922000B0EE480ABDEC028BBDE8104000F091B9E9
:109230000120F7F724F9BDEC028BBDE8104000F0E7
:109240008FB900000000C9BF22AAFDB90000C93FC4
:1092500022AAFD390000000024FE1C3DC78AD83C2C
:109260001E67383D1B93993DAFAA2A3E70B54FF05B
:1092700068422DED048BF0EE408A18EE900AB0EEB5
:10928000608A18EE101A02EB4003B3F1654F3CBF41
:1092900002EB4102B2F1654F7DD200BFC0F3C7536C
:1092A000C1F3C7529A1A1B2A09DD10F0004F14BFF0
:1092B0009FED830A9FED830ABDEC048B70BD12F114
:1092C0001A0F36DA11F0004F09D010F0004F0CBF22
:1092D0009FED7D0A9FED7D0ABDEC048B70BD88EE8D
:1092E000889A19EE100AFFF717FF042808BF00F04C
:1092F0003FF918EE900AFFF70FFF054618EE100A27
:10930000FFF70AFF044619EE100AFFF705FF042DC8
:1093100018BF052D08D1042C18BF052C04D1002836
:1093200004BF0220F7F7ABF8B0EE490ABDEC048B9E
:1093300070BD4200B2EB410F3AD910F0004F19BF97
:10934000DFED630A9FED630ADFED630A9FED630AB9
:10935000B0EE481A0A46B1EE688A80F00041F0EE9D
:10936000418A10460A1A5200B2F1807F34D2484036
:1093700010F0004FDFED5A1A9FED5A2A1DBFBEEEC6
:10938000001A70EEE10A30EE420AB6EE001A08BF8B
:1093900070EEA10A00E040E008BF30EE020AB0EE35
:1093A000682A01EE482A08EE818AC2EE081A15E002
:1093B00011F0004F04BF9FED4C0AF0EE400AD1D0EF
:1093C00010F0004F19BFDFED490A9FED490ADFEDAC
:1093D000490A9FED490AC5E7C8EE881A21EEA11A8D
:1093E0009FED462ADFED462A41EE022A9FED452AEF
:1093F00001EE222ADFED442A41EE022A9FED432AA4
:10940000BDEC048B01EE222A21EE811A01EE020A44
:1094100030EE210A30EE200A70BD4FF07F42B2EBF1
:10942000400F28BFB2EB410F09D2F0EE480AB0EE70
:10943000680ABDEC048BBDE8704000F08DB840EACE
:1094400001035B0008BF41F0FF410BD0B2EB400FBE
:1094500008BFB2EB410F08D120F0804008EE900A1F
:1094600021F0804108EE101A18E7B2EB400F12BF4E
:109470005FEA410340F0FF4001F000413FF40EAFCE
:10948000B2EB410F12BF5FEA400200F0004041F032
:10949000FF413FF403AF4A0092EA40033FF5FEAEBE
:1094A000002AACBF9FED1A0A9FED1A0A68EE808A67
:1094B00028EE008A18EE900A18EE101AEEE6000068
:1094C000DB0FC9BFDB0FC93FDB0F4940DB0F49C0D2
:1094D0000000C9BF22AAFDB90000C93F22AAFD3978
:1094E0000060ED3EC30ACE3700000000000049C016
:1094F00022AA7DBA0000494022AA7D3A2DAD65BD61
:109500008FB8D53D0FB511BE61C84C3EA8AAAABE02
:109510000000804F0000802F10B52DED028BB1EEC2
:10952000C08A18EE100A20F00040C0F1FF40C00FC2
:109530000AD010EE100A20F00040C0F1FF40C00F2A
:1095400004BF0120F6F79BFFB0EE480ABDEC028B8A
:1095500010BD30EE000A704730EE200A7047000060
:10956000DFED020A80EEA00A704700000000000054
:109570009FED020A20EE000A704700000000001074
:1095800010B500EE100A2DED028BB1EEC08A18EE78
:10959000100A20F00040C0F1FF40C00F0AD010EECA
:1095A000100A20F00040C0F1FF40C00F04BF0120AE
:1095B000F6F765FF18EE100ABDEC028B10BD4FF0F8
:1095C0007E5209E011F0004204D54042C1F1000191
:1095D00038BF491E42F07E5202F170620B0012BF8A
:1095E00020235FEA00017047B1FA81FC01FA0CF117
:1095F000A3EB0C0320FA03FC41EA0C0102EBC3527B
:10960000C3F1200310FA03FC5CEA416C42EB112029
:1096100018BF5FF0806C28BF20F001007047F1EEAA
:10962000100A4FF6FF71C0F2C03120EA010040F08D
:109630004070E1EE100A7047E697000891050008B7
:10964000000000000000000080000000000000009A
:10965000000000008C9700082509000802000000A7
:1096600000000000000100000000000000000000F9
:109670009697000891090008020000000000000011
:10968000000100000000000000000000B897000882
:10969000A1620008010000000000000000020000BC
:1096A0000000000000000000C29700083D0A00080A
:1096B00000000000000000000001000000000000A9
:1096C00000000000AA970008B1380008020000005E
:1096D000000000008000000000000000000000000A
:1096E000DD97000865390008030000000000000055
:1096F000000400000000000000000000A097000827
:1097000069490008FFFF0000000000008000000021
:109710000000000000000000CD970008054A000886
:109720000300000000000000000200000000000034
:10973000000000000000000000000000010203041F
:1097400006070809000000000102030440AC037D85
:1097500004014103057C00026D0D026D0902000049
:109760004000000024000000000000000000000095
:109770004000000024000000000000000000000085
:109780000B080141090242C0030A0B0443414E3158
:109790005F5461736B0043414E325F5461736B00E1
:1097A0004F4C45445F5461736B00494D555F5365A1
:1097B0006E645F5461736B0043616C695F546173E5
:1097C0006B00436865636B5F5461736B00526F623B
:1097D0006F745F4374726C5F5461736B00496D7595
:1097E0005F5461736B00416C6C5F496E6974007DFE
:1097F00004017C000240AB034100055308065804F5
:10980000070F000810820911000A15800B16000CC2
:1098100018010D003898000800000020A800000082
:10982000C4010008E0980008A800002030B0000043
:10983000E001000800000000E7416B3A58A08B3AB5
:109840000024F40092FFFFFFFFFFFFFFFF00000076
:10985000000000000000803F00000000000080BF0A
:1098600000000000000000000000000000000000F8
:109870000000803FA2FFFFFF0D62000882FFFFFF94
:10988000FFFFFFFF000000000000803F000000001D
:10989000000080BF00000000000000000000000089
:1098A000000000000000803F0000803F000000003A
:1098B00000000000000000000000803F00000000E9
:1098C00000000000000000000000803F0000803F1A
:1098D0000100000010000000AAAAAAAA00000000CF
:040000050800018965
:00000001FF
