:020000040800F2
:10000000A8B100204D030008E73000088929000846
:10001000E53000085D0900085946000800000000AE
:100020000000000000000000000000008D02000839
:10003000B50D000800000000E90200088D4100082D
:1000400067030008670300086703000867030008E8
:1000500067030008670300086703000867030008D8
:1000600067030008670300086703000867030008C8
:10007000390C000867030008450C000867030008F6
:1000800067030008670300086703000867030008A8
:10009000090A0008670300086703000867030008EF
:1000A0006703000867030008670300086703000888
:1000B0006703000867030008670300086703000878
:1000C0006703000867030008670300086703000868
:1000D000670300089145000867030008C145000850
:1000E0006703000867030008670300086703000848
:1000F0006703000867030008670300086703000838
:100100006703000867030008670300086703000827
:1001100067030008670300085D42000867030008E2
:100120006703000867030008510C00086703000814
:1001300067030008670300086703000867030008F7
:10014000750A0008670300086703000867030008D2
:1001500067030008670300086703000867030008D7
:1001600067030008670300086703000867030008C7
:100170006703000867030008670300080000000029
:1001800067030008670300086703000867030008A7
:100190006703000867030008670300086703000897
:1001A00000000000000000006703000800F002F8F3
:1001B00000F05CF80AA090E8000C82448344AAF1A5
:1001C0000107DA4501D100F051F8AFF2090EBAE8A3
:1001D0000F0013F0010F18BFFB1A43F0010318477B
:1001E00068A1000088A100000A444FF0000C10F83C
:1001F000013B13F0070408BF10F8014B1D1108BFA5
:1002000010F8015B641E05D010F8016B641E01F844
:10021000016BF9D113F0080F1EBF10F8014BAD1C94
:100220000C1B09D16D1E58BF01F801CBFAD505E0B2
:1002300014F8016B01F8016B6D1EF9D59142D6D30C
:10024000704700000023002400250026103A28BF34
:1002500078C1FBD8520728BF30C148BF0B60704738
:100260001FB508F099FF1FBD10B510BD00F07AFA58
:100270001146FFF7F5FF05F08BFE00F098FA03B486
:10028000FFF7F2FF03BC00F0FDFA00002C4B1968E9
:100290000868B0E8F04F80F30988BFF36F8F4FF024
:1002A000000080F3118870470000000008480068D3
:1002B000006880F308884FF0000080F3148862B66D
:1002C00061B6BFF34F8FBFF36F8F00DF00BF00BF7A
:1002D00008ED00E0DFF80C00016841F470010160F6
:1002E000704700BF88ED00E0EFF30980BFF36F8F28
:1002F000134B1A681EF0100F08BF20ED108A20E97A
:10030000F04F106009B44FF0500080F31188BFF334
:100310004F8FBFF36F8F06F0F1FE4FF0000080F3B8
:10032000118809BC19680868B0E8F04F1EF0100F7A
:1003300008BFB0EC108A80F30988BFF36F8F704755
:1003400034000020EFF30580704700000948804723
:1003500009480047FEE7FEE7FEE7FEE7FEE7FEE7A7
:10036000FEE7FEE7FEE7FEE704480549054A064BBF
:10037000704700004D420008AD010008A871002040
:10038000A8B10020A8910020A89100209FED1A1A82
:10039000F5EE000A40EE010ABDEEE00AF5EEC00AF5
:1003A00010EE100AF1EE10FA38BF401E00EE100AEF
:1003B0001349F7EE001AB8EEC00A30EEC00ADFEDBE
:1003C0000F0A20EE200AFCEEC00A10EE900AC0F3DD
:1003D000080000EE900A01EB8000F8EE600A90ED54
:1003E000011A70EE600A90ED000A71EEE01A21EE3B
:1003F000800A00EE810A704783F9223E0000004423
:10040000CC990008B5EEC00AF1EE10FA07D2DFED84
:100410001E0AB4EEE00AF1EE10FAA8BF7047DFED55
:100420001B0AB5EEC00A60EE200ABDEEE01A11EE1E
:10043000100AF1EE10FA38BF401E00EE100A1549FE
:10044000F7EE001AB8EEC00A30EEC00ADFED100A6F
:1004500060EE200ABCEEE00A10EE100AC0F30800BD
:1004600000EE100A01EB8000B8EE400A90ED011A90
:1004700070EEC00A90ED000A71EEE01A21EE800ADB
:1004800000EE810A70470000CD024CB483F9223E91
:1004900000000044CC99000853EA020C00F0698087
:1004A0002DE9F04B4FF00006002B1FBFB3FA83F588
:1004B00003FA05F424FA05F65E4012BF1643B2FAB9
:1004C00082F502FA05F4C5F120051EBF22FA05FCEB
:1004D00044EA0C04203556EA044C4FEA144418BF91
:1004E000641C4FF000084FF00009904271EB030CC0
:1004F00039D3002919BFB1FA81F701FA07F6B0FA2A
:1005000080F700FA07F6C7F120071EBF20FA07FCA4
:1005100046EA0C062037B6FBF4FCA7EB0507103FB4
:1005200007F01F0BCBF120060CFA0BFB2CFA06F69A
:1005300044BFB3460026202FA4BF5E464FF0000BF9
:100540005BEA060C08BF4FF0010B19EB0B09ABFB84
:10055000027C48EB0608C01B06FB02CC0BFB03CC5D
:1005600071EB0C01C1E70B46024641464846BDE827
:10057000F08B13B54FF000004FF00001AFF3008097
:10058000BDE81C407047032A40F2308010F0030C95
:1005900000F0158011F8013BBCF1020F624498BFD6
:1005A00011F801CB00F8013B38BF11F8013BA2F173
:1005B000040298BF00F801CB38BF00F8013B11F0EE
:1005C000030300F02580083AC0F0088051F8043B8E
:1005D000083A51F804CBA0E80810F5E7121D5CBFFB
:1005E00051F8043B40F8043BAFF30080D20724BF2E
:1005F00011F8013B11F801CB48BF11F8012B24BFC2
:1006000000F8013B00F801CB48BF00F8012B704710
:1006100010B5203AC0F00B80B1E81850203AA0E89D
:100620001850B1E81850A0E81850BFF4F5AF5FEAD1
:10063000027C24BFB1E81850A0E8185044BF18C984
:1006400018C0BDE810405FEA827C24BF51F8043B2B
:1006500040F8043B08BF7047D20728BF31F8023B7F
:1006600048BF11F8012B28BF20F8023B48BF00F813
:10067000012B70474FF000020429C0F0128010F0E7
:10068000030C00F01B80CCF1040CBCF1020F18BF6E
:1006900000F8012BA8BF20F8022BA1EB0C0100F001
:1006A0000DB85FEAC17C24BF00F8012B00F8012BD4
:1006B00048BF00F8012B70474FF0000200B5134609
:1006C00094469646203922BFA0E80C50A0E80C5072
:1006D000B1F12001BFF4F7AF090728BFA0E80C5023
:1006E00048BF0CC05DF804EB890028BF40F8042B1C
:1006F00008BF704748BF20F8022B11F0804F18BF89
:1007000000F8012B704770477047704710B500F034
:1007100009F8006810BD10B5044600F003F8046045
:1007200010BD000000487047487100201FB584B01C
:1007300000200A9C06AB04AA02A90094AFF3008033
:1007400018B1DDE9020108B010BD0348204000F0F7
:1007500037F800200146F6E70000207C004870478B
:10076000487100207546FFF7F9FFAE46050069465F
:10077000534620F00700854618B020B5FFF7F4FD7A
:10078000BDE820404FF000064FF000074FF0000892
:100790004FF0000B21F00701AC46ACE8C009ACE813
:1007A000C009ACE8C009ACE8C0098D46704710B577
:1007B0000446AFF300802046BDE81040FFF75FBD60
:1007C00010B500F009F8BDE81040AFF30080002834
:1007D00001D000F057B8704710B5022803D041018E
:1007E00003D50DA112E0002010BD010101D50FA11C
:1007F0000CE0C10001D511A108E0810001D512A1D2
:1008000004E0400001D513A100E0002115A000F094
:100810003FF8012010BD0000496E76616C696420CC
:100820004F7065726174696F6E000000446976698B
:100830006465204279205A65726F00004F766572B8
:10084000666C6F7700000000556E646572666C6FB1
:1008500077000000496E6578616374205265737596
:100860006C7400005349474650453A204172697400
:10087000686D6574696320657863657074696F6E0F
:100880003A20000001491820ABBEFEE72600020016
:1008900070B505460C460A2000E06D1C00F011F80A
:1008A00035B128780028F8D102E0641C00F009F87E
:1008B00014B120780028F8D1BDE870400A20AFF3C9
:1008C000008008B569468DF800000320ABBE08BD66
:1008D000704700000A4C00BF06F06EFA05F0B4FA4B
:1008E00005F026FB02F052F805F070FB00F0F8F876
:1008F000206A804706F080FA002006F045FBEBE70F
:100900002801002010B5114CA178491CC9B2A17072
:10091000642916D290ED000A0D4A10EE101ADFED90
:100920000D0A914202DD30EE600A06E010EE101A68
:10093000094A914205D930EE200A80ED000AFFF7FE
:10094000E1FFA078401EA07010BD00009C000020B8
:10095000000034430000B443000034C3FEE700004D
:100960008EB0274E4FF0FF3840F2092709AD4246BE
:1009700005A9306806F062FD059CBC420CD114222A
:1009800029466846FFF744FE0DF1180C20469CE806
:100990000E0002F00DFAEAE7A4F50071013914D057
:1009A000A4F5407101391DD0B4F5C06FDFD1142218
:1009B00029466846FFF72CFE1248DDE90612D0F8FA
:1009C0002CC02046089BE047D1E714222946684600
:1009D000FFF71EFE0DF1180C20469CE80E0002F0F9
:1009E000B3F9C4E7142229466846FFF711FE0DF15A
:1009F000180C20469CE80E0002F076FBB7E70000DA
:100A00001800002028010020014800F068BB000009
:100A1000DC0300208EB0164E4FF0FF3709AD3A468A
:100A200005A9306806F00AFD059CA4F20120032800
:100A30000CD8142229466846FFF7EAFD0DF1180C80
:100A400020469CE80E0002F095F9E8E7A4F20520A4
:100A50000328E4D8142229466846FFF7D9FD0DF192
:100A6000180C20469CE80E0002F0C2F9D7E70000FF
:100A70001C000020014800F032BB000004040020EC
:100A800008B506F017FE0090034800F039F902217E
:100A9000684606F033FAF7E78001002030B50F4AC8
:100AA0000121002819D0134600F580740A2807D2C6
:100AB00002F8011B491CC9B20A29F9D3002108E038
:100AC00001F16405491CC9B202F8015B0A29F7D398
:100AD000012199725872A3F80B4030BD396F002084
:100AE00009489FED080A80ED2D0A9FED080A80ED68
:100AF0001D0A9FED070A80ED0D0A9FED060A80EDA5
:100B00003D0A704700003443487000200000F44262
:100B10000000F0420000EC4230B50020094B0124F7
:100B2000024600BF00EB800103EB81010D8A35B165
:100B30008C74401CC0B20A820428F3D330BD8A747E
:100B4000F7E70000B66F002030B50020094B012404
:100B5000024600BF03EB80114D8D3DB181F82C4062
:100B6000401CC0B24A850428F4D330BD81F82C2043
:100B7000F6E700004870002005480021028D1AB1F8
:100B800080F82A1001857047012280F82A20F9E7B1
:100B90004C6D0020002010B50649012302468C89C7
:100BA00034B18A73401CC0B28A810428F7D310BDC7
:100BB0008B73F7E78C6D002004480021028A12B184
:100BC00081740182704701228274FAE728010020B3
:100BD000401AB0F5805F03DDA0F5F850FF3870478C
:100BE00010F5805FFBDA41F6FF71084470470000A2
:100BF00008B506F05FFD0E4D012600270D4C009054
:100C0000FFF7BAFF95F82A0001280ED084F81F706C
:100C1000FFF7D2FFFFF7BEFFFFF796FFFFF77CFF5E
:100C2000C821684606F06AF9EAE7E677F0E70000CF
:100C30004C6D0020EC000020014800F01DBD0000BC
:100C400058050020014800F017BD0000B80500203D
:100C5000014800F011BD0000F804002001681823CD
:100C6000CAB2103AB2FBF3F2054B6FF30901032A43
:100C70009B5CC36500D9091D81650846704700006B
:100C8000AC96000810B5014600208B698A6A4FF0C7
:100C9000C07453B1B3F5005F15D072B1012A0CD006
:100CA000022A0AD0032A09D104E01AB1012A06D087
:100CB000022A03D1C96AC90100D5012010BDC96A41
:100CC000A142FAD010BD002AF7D0012AF2D0022AA0
:100CD000F3D0032AF3D010BD30B50468256825F49D
:100CE00080252560046863608368402B036803D017
:100CF00099600068C26030BD9A600068C16030BD14
:100D00002DE9F04186B08046002002900390082033
:100D1000049040F2751000902148224E234F90F825
:100D20002610D6E9004561F3451490F83A1061F3B6
:100D30000414817C90F84E0061F3C71460F38614AC
:100D4000194890F86C1061F3410490F8AC1061F30D
:100D5000000490F82C1090F8EC0061F3C30460F3E9
:100D6000820497F8200060F30F24786808F0BCFA3A
:100D700060F31325F86808F0B7FA60F31F55C6E969
:100D80000045C8F800407168C8F8041000234246C6
:100D90006946074800F03AF806B0BDE8F081000067
:100DA000B66F00207801002048700020EC00002081
:100DB000DC030020704772B6FEE7000010B558B1A2
:100DC000084C491E0BD310F8013B5340DBB234F8FA
:100DD000133083EA1222F4E74FF6FF7010BD10467D
:100DE00010BD0000CC97000890F82020012A07D001
:100DF000022A05D0416A41F48021416201207047F6
:100E0000006842690A43426100207047F0B590F8DB
:100E100020500468A468012D05D0022D03D0416A3A
:100E200041F480215DE014F0406F01D1E50055D51B
:100E3000C4F30164022C03D9416A41F4000150E07B
:100E40000125A5401D608D684FF4C0739DB1CE682B
:100E500035434E6845EAC605066803EB0417F551AD
:100E60004FF4C275076805EB04150E697E51097DC4
:100E7000012905D009E00E88CD6845EA4655EBE723
:100E800001684E5946F480764E511179D5795679DC
:100E900041EA056195792D0445EA062529434FF479
:100EA000C676056806EB0416A9511178D57841EA93
:100EB0000561957852782D0445EA022211434FF4DA
:100EC000C475026805EB04155151006803EB041169
:100ED000425842F0010242500020F0BD416A41F404
:100EE000001141620120F0BD10B590F82020012AC8
:100EF00007D0022A05D0416A41F4802141620120D5
:100F000010BD3B48D0F8002242F00102C0F8002298
:100F1000D0F8002222F47C52C0F80022D0F800223F
:100F20004B6A42EA0322C0F800220A7D02F01F0346
:100F300001229A40D0F81C329343C0F81C32CB698E
:100F4000B3B9D0F80C329343C0F80C328C894B689B
:100F500064F31F434C6900EBC404C4F840320C89AD
:100F60000B6864F31F434C6900EBC404C4F84432BB
:100F7000CB69012B16D1D0F80C321343C0F80C32D8
:100F80000C884B6864F31F434C6900EBC404C4F83D
:100F900040320C89CB6864F31F434C6900EBC404F6
:100FA000C4F844328B69002BD0F804320ED01343BE
:100FB000C0F804320B69002BD0F8143208D0134368
:100FC000C0F81432096A012904D008E09343EFE71E
:100FD0009343F5E7D0F81C121143C0F81C12D0F867
:100FE000001221F00101C0F80012002010BD000025
:100FF00000640040704730B590F82040012C05D0C7
:10100000022C03D0416A41F480215DE0046800298C
:1010100055D02469A40754D04FF4D874056804EB64
:1010200001142D5915F00405956005682D594ED011
:10103000ED08556005682C5904F00204D4604FF4A3
:10104000DA74056804EB01142D5905F00F051561DC
:1010500005682D59C5F30725956105682C59240CA1
:1010600054614FF4DC72046802EB0112A4581C7046
:101070000468A458240A5C700468A458240C9C706A
:101080000468A258120EDA704FF4DE72046802EBA4
:101090000112A4581C710468A458240A5C710468E5
:1010A000A458240C9C710468A258120EDA710068CE
:1010B00081B1016941F020010161002030BDE46887
:1010C000A8E7416A41F400114162012030BD6D0D75
:1010D0001560AFE7C16841F02001C160EDE72DE97F
:1010E000F05F0546006800244669D0F804908768E0
:1010F000D0F80CB0D0F810A0D0F81880F10748D084
:10110000F90714D001218160B80703D5284600F003
:1011100052FA0CE0780702D54FF4006407E0380774
:1011200002D54FF4805402E0284600F043FAF80557
:1011300016D529684FF480708860B80503D5284615
:1011400000F03BFA0CE0780502D544F4005407E0C7
:10115000380502D544F4804402E0284600F02CFA19
:10116000F80316D529684FF480308860B80303D59A
:10117000284600F024FA0CE0780302D544F4004439
:1011800007E0380302D544F4803402E0284600F03A
:1011900015FA300707D55FEACB6004D5296810201F
:1011A00044F40074C86070074FF0080707D55FEA81
:1011B0000B7004D52868C760284600F099F9B0077D
:1011C00006D52868C068800702D0284600F092F94A
:1011D000700607D55FEACA6004D52968102044F478
:1011E00080640861B00607D55FEA0A7004D52868F4
:1011F0000761284600F0AEF9F00606D528680069B8
:10120000800702D0284600F0A6F9B00308D55FEAAF
:10121000C96005D5296810204860284600F09CF96F
:10122000F00307D55FEA097004D5286847602846AF
:1012300000F0C6F9300446D55FEA497040D5F005A4
:1012400004D55FEAC87001D044F00104B00504D5AC
:101250005FEA887001D544F00204700504D55FEAA6
:10126000487001D544F00404300529D518F0700FFA
:1012700026D008F07000402815D006DC102809D0D0
:1012800020280AD0302816D10AE050280ED0602835
:1012900011D10EE044F008040DE044F010040AE01F
:1012A00044F0200407E044F0400404E044F08004EB
:1012B00001E044F480742868816921F07001816143
:1012C000296804204860002C05D0686A20436862C1
:1012D0002846FFF78FFEBDE8F09F70B5040003D0ED
:1012E00094F8200010B104E0012070BD204600F009
:1012F00081F82068016841F00101016000F034FCD0
:101300000546052604E000F02FFC401B0A2811D8F2
:1013100020684068C007F6D02068016821F002010B
:10132000016000F021FC05460BE000F01DFC401BB5
:101330000A2806D9606A40F40030606284F82060B0
:10134000D2E7206840688007EFD4207E012820681B
:1013500001683DD021F080010160607E0128206895
:10136000016838D021F040010160A07E012820688A
:10137000016833D021F020010160E07E012820685F
:1013800001682ED041F010010160207F0128206803
:10139000016829D021F008010160607F01282068E0
:1013A000016824D021F004010160D4E9020108435E
:1013B000D4E90412114308436168491E08432168B7
:1013C000C86100206062012084F82000002070BD08
:1013D00041F08001C0E741F04001C5E741F0200144
:1013E000CAE721F01001CFE741F00801D4E741F04E
:1013F0000401D9E7F0B587B0044614216846FFF729
:101400005BF9364B3648DFF8D0E01968D4F800C0F5
:10141000334A03250226092710300024491CF445CD
:1014200022D11960012907D1016841F000710160E2
:10143000006800F000700590106840F0080010602F
:101440001068CDE9005600F00800CDE90470694647
:101450002448CDE9024500F06DFA00220521142050
:1014600000F020FC142033E0DFF87CE0F44531D1BB
:10147000D0F800C04CF0806CC0F800C0D0F800C0BC
:1014800001290CF0806CCDF814C0196007D10168F7
:1014900041F000710160006800F000700590106874
:1014A00040F002001060106802AB00F002000590EE
:1014B0004FF44050CDE9000683E8B00069460B4880
:1014C00000F038FA00220521402000F0EBFB40201C
:1014D00000F0DAFB07B0F0BD0064004020000020FF
:1014E00030380240000C0240006800400004024016
:1014F0007047000010B5124A016891420BD1114BA0
:101500000021A3F11C02FFF776FD00230D491A46C6
:101510001C390D480EE00D4A914210D1094B0021B3
:101520002433A3F11C02FFF766FD00230549084898
:101530001A4608310068BDE8104005F01FBF10BD15
:10154000006400400C630020180000200068004088
:101550001C000020704770477047000070B50446BB
:1015600090F82000012804D0606A40F400206062F6
:1015700018E0022084F820002068016821F00101B1
:10158000016000F0F1FA05460EE000BF00F0ECFA51
:10159000401B0A2808D9606A40F4003060620520C8
:1015A00084F82000012070BD20684068C007EDD19C
:1015B000606270BD704770477047704770477047F2
:1015C00070472DE9F0410446876D00F0CDFA0646DC
:1015D00094F835000025022806D08020606584F844
:1015E00034500120BDE8F0812068016821F0160127
:1015F00001602068416921F080014161206C08B9D7
:10160000A06C20B12068016821F008010160206809
:10161000016821F0010101600CE000F0A5FA801BD7
:10162000052807D920206065032084F8350084F858
:101630003450D7E720680068C007EED194F85C10FA
:101640003F208840B860012084F8350084F8345089
:101650000020C7E790F83510022903D080214165AA
:1016600001207047052180F835100068016821F0DD
:1016700001010160002070472DE9F84304464FF056
:101680000009CDF8009063484FF41651A56D00682D
:10169000B0FBF1F72E6894F85C10082000FA01F115
:1016A00031420FD021680A6852070BD50A6822F030
:1016B00004020A6094F85C108840A860606D40F0F5
:1016C0000100606594F85C104FF0010808FA01F021
:1016D000304208D021684969090604D5A860606DC8
:1016E00040F00200606594F85C10042088403042AD
:1016F00008D021680968890704D5A860606D40F0AA
:101700000400606594F85C1010208840304218D0C6
:1017100021680968090714D5A86020680168490391
:1017200004D50068000308D5A16C07E00168C9056D
:1017300003D4016821F008010160216C09B1204641
:10174000884794F85C1020208840304231D02168CE
:101750000968C9062DD5A86094F8350005282068C9
:10176000016806D0490347D5006800031DD4616CA9
:101770001CE021F0160101602068416921F0800120
:101780004161206C08B9A06C20B12068016821F08B
:101790000801016094F85C103F208840A86084F83C
:1017A000358084F83490216D1FE0E16B09B120464B
:1017B0008847606D00282BD0606DC00714D00520CD
:1017C00084F835002068016821F00101016000986B
:1017D000401C0090B84203D820680068C007F6D1CA
:1017E00084F8358084F83490E16C002910D001B081
:1017F0002046BDE8F04308470168C905D5D4016813
:1018000021F01001016084F8358084F83490CCE731
:10181000BDE8F883300000202DE9F041044600F0D7
:10182000A3F906465CB1022084F83500002584F84F
:1018300034502068016821F0010101600DE00120B1
:10184000BDE8F08100F090F9801B052805D9202023
:101850006065032084F83500F2E720680068C0075F
:10186000F0D12268116820480140D4E901031843EF
:10187000D4E903363343184363691843A369184313
:10188000E3691843236A18430843616A042903D1B2
:10189000D4E90B1319430843106020684069666A55
:1018A00020F0070130460E43012704280CD1A06A1E
:1018B0000643E06A40B12046FFF7E4F920B140203A
:1018C000606584F83570BAE7206846612046FFF706
:1018D000C5F994F85C203F2191408160656584F8EA
:1018E00035700020ACE700003F8010F070B5044672
:1018F00090F83400002501280CD0012084F8340031
:1019000094F835600020012E06D084F834000225BA
:10191000284670BD022070BD022684F835606065DF
:101920002046FFF7D9F92068016841F00101016004
:10193000EEE700002DE9F84FDFF8F8A100220124BE
:1019400003254FF00F090AF1040BAAF1040E00BFA2
:101950000B6804FA02F63340B34270D10F7907F0F6
:101960000307012F01D0022F16D187684FEA4208E2
:1019700005FA08FC27EA0C07D1F80CC00CFA08FCA1
:101980004CEA070CC0F808C04768B7430E79C6F3A5
:10199000001696403E4346600E79F643B6070AD0DD
:1019A000C7684FEA420C05FA0CF6B7438E6806FA90
:1019B0000CF63E43C6600E7906F00306022E10D1E7
:1019C000D60800EB8608D8F8206057074FEAD76C96
:1019D00009FA0CF7BE430F6907FA0CF73743C8F84A
:1019E000207006684FEA420C05FA0CF7BE430F79E7
:1019F00007F0030707FA0CF7374307604E6816F441
:101A0000403F1CD04C4E376847F4804737603668FB
:101A100022F0030706F480460096484E07EB060CBA
:101A2000DCF8086897073F0F09FA07F826EA080666
:101A3000DFF80C81404503D14FF0000841E072E02F
:101A4000DFF80081404502D14FF0010839E0DFF8AE
:101A5000F880404502D14FF0020832E0DFF8EC8018
:101A6000404502D14FF003082BE0DFF8E480404509
:101A700002D14FF0040824E0DFF8D880404502D1BD
:101A80004FF005081DE0DFF8D080404502D14FF04F
:101A9000060816E0DFF8C480404502D14FF0070881
:101AA0000FE0DFF8BC80404502D14FF0080808E0A5
:101AB000DFF8B080404502D14FF0090801E04FF057
:101AC0000A0808FA07F848EA0608CCF80888DAF89D
:101AD00000605746D1F804C09E435FEACC2C00D585
:101AE0001E433E60DBF800605F46D1F804C09E43B1
:101AF0005FEA8C2C00D51E433E60DEF8006077461E
:101B0000D1F804C09E435FEA8C3C00D51E433E6082
:101B1000084F083F3E68D1F804C09E435FEACC3CC2
:101B200000D51E433E60521C102AFFF411AFBDE8E1
:101B3000F88F0000083C014044380240003001406A
:101B4000000002400004024000080240000C024075
:101B5000001002400014024000180240001C024025
:101B600000200240002402400148806870470000C5
:101B70002400002002488168027811448160704787
:101B8000240000200B4810B5016841F40071016089
:101B9000016841F480610160016841F48071016075
:101BA000032000F09FF80F2000F006F800F050F836
:101BB000002010BD003C024030B505461F4887B0EC
:101BC0000024016841F010010160006806A900F0DE
:101BD0001000009001A800F031F90498A8B100F0BD
:101BE0004DF940001649174AB0FBF1F11648491E5D
:101BF000026040F2E732C0E90324C0E901148461C5
:101C000000F046FB040003D015E000F037F9E9E7E7
:101C10000D4800F06BFB04000DD1362000F034F8C5
:101C2000102D07D200222946362000F03BF8074845
:101C3000056000E0012407B0204630BD4038024076
:101C400040420F000010004018060020280000202D
:101C50000C4882B0016841F480410160006800F4E2
:101C6000804000900748001F016841F080510160EA
:101C70000068002200F0805000900F21901E02B0FA
:101C800000F010B844380240002809DB00F01F02C1
:101C9000012191404009800000F1E020C0F80011CE
:101CA00070470000F0B40E4B1B680C46C3F30223D0
:101CB000C3F10705042D00D90425191D072901D2F8
:101CC000002300E0DB1E012606FA05F1491E214033
:101CD00099409E40761E16403143F0BC02F0E2BEB1
:101CE0000CED00E0064900F0070208684FF6FF031C
:101CF000184040EA0220034A104308607047000081
:101D00000CED00E00000FA052DE9F0470E46050055
:101D100065D0DFF81481D8F80000F7B200F00F00AA
:101D2000B04207D288F80070D8F8000000F00F0029
:101D3000B04254D128683D4C810712D5400703D5E5
:101D4000206840F4E05020602878000703D5206820
:101D500040F4604020602068A96820F0F00008434B
:101D600020602878C0072DD03049686808390128DC
:101D700012D0022813D0032811D00968890700293E
:101D80002DDA216821F0030101432160FFF7ECFE09
:101D9000814641F2883A0EE009688903EFE7096855
:101DA0008901ECE7FFF7E0FEA0EB0901514502D9FC
:101DB0000320BDE8F0872068696800F00C00B0EBF4
:101DC000810FEFD1D8F80010404601F00F01B14269
:101DD00007D90770006800F00F00B04201D0012061
:101DE000E7E72878400705D52068E96820F4E05047
:101DF000084320602878000706D52068296920F468
:101E0000604040EAC100206000F058F82168084AAC
:101E1000C1F30311515CC8400649086006480068D8
:101E2000FFF7CAFE0020C4E7003C02400838024029
:101E3000B496000830000020280000200F22026025
:101E40000C4A136803F003034360136803F0F003C4
:101E50008360136803F4E053C36012684FF4E053E7
:101E600003EAD20202610448006800F00F00086033
:101E70007047000008380240003C02400448054911
:101E800000680968044AC1F38221515CC840704768
:101E90003000002008380240C49600080448054974
:101EA00000680968044AC1F34231515CC840704778
:101EB0003000002008380240C4960008154810B5CC
:101EC000006810F00C02144813D01449042A0FD0F3
:101ED000082A0ED10F4C241F2268236802F03F020B
:101EE0005B0207D52068C0F38810A0FB010106E063
:101EF000084610BD2168C1F38811A1FB0001002331
:101F0000FEF7CAFA2168C1F30141491C4900B0FB40
:101F1000F1F010BD083802400024F400001BB700A7
:101F20002DE9F84F04006ED02078DFF84C93C007FD
:101F3000A9F104054AD009F104000168C1F3810147
:101F4000012908D00068C0F3810002280AD1D9F81D
:101F50000000400206D52868800337D56068002855
:101F6000E1D033E06068B0F5803F10D0B0F5A02F2D
:101F7000286810D020F480302860286820F4802061
:101F800028606068A8B1FFF7EFFD06460DE02868FD
:101F900040F48030F4E740F480202860F7E700BF89
:101FA000FFF7E2FD801B642873D828688003F7D50B
:101FB0000CE0FFF7D9FD064605E000BFFFF7D4FDB2
:101FC000801B6428F0D828688003F7D42078DFF8D5
:101FD000AC8280074FF0000A3ED5A748001D01687B
:101FE00011F00C0F08D00068C0F3810002280BD15B
:101FF000D9F80000400207D42868800716D5E068A9
:10200000012800D112E033E1E068B8B10120C8F83E
:102010000000FFF7A9FD064605E000BFFFF7A4FD9D
:10202000801B0228C0D828688007F7D52868216956
:1020300020F0F80040EAC10028600DE0C8F800A0D8
:10204000FFF792FD064604E0FFF78EFD801B022895
:102050001FD828688007F7D42078000722D5864F3C
:1020600087486169703771B101210160FFF77CFD1C
:10207000064604E0FFF778FD801B022809D838687F
:102080008007F7D50EE0C0F800A0FFF76DFD06460B
:1020900005E082E0FFF768FD801B02287DD83868E4
:1020A0008007F7D42078400768D5DFF8CCB1002747
:1020B0000BF13C0BDBF80000C0000BD4DBF8001088
:1020C00041F08051CBF80010DBF80000012700F050
:1020D000805000906B4E3068C00510D4306840F4DA
:1020E00080703060FFF740FD009005E0FFF73CFD99
:1020F0000099401A022850D83068C005F6D55E4EC7
:10210000A0686C3601280FD00528306810D020F068
:1021100001003060306820F004003060A068B8B181
:10212000FFF722FD00900FE0306840F00100F4E777
:1021300040F004003060F7E7FFF716FD0099411A00
:1021400041F28830814266D830688007F4D50EE0CD
:10215000FFF70AFD009007E0FFF706FD0099411A1E
:1021600041F28830814256D830688007F4D42FB1CC
:10217000DBF8001021F08051CBF80010A069C8B343
:102180003D49091D0968C1F3810102294AD002288D
:10219000504607D0C8F8600000E03CE0FFF7E4FCE0
:1021A00004463BE04746C8F86000FFF7DDFC064602
:1021B00005E000BFFFF7D8FC801B02282BD8286859
:1021C0008001F7D4D4E907010843A16A2E4A4908DF
:1021D00002EB0141626A41EA8211084394F82C1033
:1021E00040EA0161C9F8001001203866FFF7BCFC25
:1021F000044606E03EE000BFFFF7B6FC001B0228E5
:1022000009D828688001F7D534E000BFFFF7ACFC9F
:10221000001B022802D90320BDE8F88F286880013E
:10222000F4D427E00128F7D0D9F80000E26900F4DF
:10223000800191421CD1226A00F03F01914217D1E6
:1022400047F6C071626A0140B1EB821F10D1A26AE9
:102250004FF0FF3300F4403103EB5202B1EB024F79
:1022600006D194F82C1000F07060B0EB016F01D033
:102270000120D1E70020CFE70438024000004742A8
:10228000800E4742007000400000FFFF704770471B
:1022900010B5040003D094F83D0010B107E0012010
:1022A00010BD002084F83C00204600F01EF80220FB
:1022B00084F83D00211D206801F0D6FF012084F83C
:1022C000460084F83E0084F83F0084F8400084F81B
:1022D000410084F8420084F8430084F8440084F804
:1022E000450084F83D00002010BD704790F83D1077
:1022F000012901D001207047022180F83D100168BA
:10230000CA6842F00102CA6000681149884214D0CC
:10231000B0F1804F11D00F4988420ED00E4988424B
:102320000BD00E49884208D00D49884205D00D498E
:10233000884202D00C49884204D1816801F007012B
:10234000062903D0016841F00101016000207047B7
:10235000000001400004004000080040000C004064
:10236000000401400040014000180040704770B573
:102370000446006801694FF00005C943890715D478
:10238000C168C943890711D4E91E01610120207782
:10239000206880698007204602D0FFF7E7FF04E04D
:1023A00000F098F8204600F096F82577206801693B
:1023B000C943490717D4C168C943490713D46FF00B
:1023C00004010161022020772068806910F4407FB9
:1023D000204602D0FFF7CAFF04E000F07BF8204659
:1023E00000F079F8257720680169C943090716D4F8
:1023F000C168C943090712D46FF0080101610420C4
:1024000020772068C0698007204602D0FFF7AEFF22
:1024100004E000F05FF8204600F05DF825772068C2
:102420000169C943C90617D4C168C943C90613D491
:102430006FF010010161082020772068C06910F456
:10244000407F204602D0FFF791FF04E000F042F801
:10245000204600F040F8257720680169C943C90784
:1024600008D1C168C943C90704D1891E016120464A
:1024700000F032F820680169C943090609D4C1682F
:10248000C943090605D46FF0800101612046FFF7BA
:10249000FDFE20680169C943490609D4C168C943E2
:1024A000490605D46FF040010161204600F01EF896
:1024B00020680169C94389060BD4C168C9438906EC
:1024C00007D46FF0200101612046BDE87040FFF79E
:1024D000DEBE70BD7047704700680349884201D175
:1024E000FFF748BB7047000000100040704770477E
:1024F00070470000F8B5016804460868CA684B696F
:1025000010F00F0F4FF0000559D003F0010602F450
:102510009077374365D0C10705D0D10503D5216C2D
:1025200041F001012164410705D5D90703D0216C91
:1025300041F002012164810705D5D90703D0216C40
:1025400041F004012164010707D502F02001314365
:1025500003D0216C41F008012164216C00293AD09C
:10256000800604D5900602D5204601F02AFF206897
:102570004069216CC0F38010090700D460B3204685
:1025800001F0F8FE20684069400621D5206814302B
:1025900050E8001F21F0400140E80012002AF5D168
:1025A000A06BA8B16C490165A06BFFF753F8002838
:1025B00011D0A06B016D01B0BDE8F0400847830663
:1025C0000FD593060DD52046BDE8F84001F0F9BEC1
:1025D0002046FFF78DFFF8BD2046FFF789FF2564F1
:1025E000F8BD266B2023012E79D1C60677D5D606F5
:1025F00075D50868486800904869400640D5A16BC9
:10260000086840680004000CEAD0A28D8242E7D935
:10261000E085C869B0F5807F2DD020680C3050E887
:10262000001F21F4807140E80012002AF5D12068D3
:10263000143050E8001F21F0010140E80012002A88
:10264000F5D12068143050E8001F21F0400140E827
:102650000012002AF5D184F83E30256320680C3042
:1026600050E8001F21F0100140E80012002AF5D1C7
:10267000A06BFEF7A6FFA08DE18D401A81B229E084
:10268000A08DE18D401A81B2E08D0028A8D00029EC
:10269000A6D020680C3050E8002F22F4907240E859
:1026A0000026002EF5D12068143050E8002F22F0CB
:1026B000010240E80026002EF5D184F83E30256363
:1026C00020680C3050E8002F22F0100240E8002370
:1026D000002BF5D12046FFF70AFFF8BDFFE70506FE
:1026E0002BD5150629D594F83D002128F5D1A068F1
:1026F000B0F5805F01D12069B0B1206A411C216230
:10270000216800784860E08C401E0004000CE084E2
:10271000E3D12068C16821F08001C1602068C168F0
:1027200041F04001C160D8E7206A0088C0F308008A
:102730004860206A801C2062E5E74006CDD550063F
:10274000CBD5CA68204622F04002CA6084F83D30EA
:1027500000F019F9C1E700006543000870B50400F6
:1027600004D094F83D00002510B106E0012070BDB2
:1027700084F83C50204600F023F8242084F83D00E3
:102780002068C16821F40051C160204601F07AFE42
:102790002068016921F4904101612068416921F0BC
:1027A0002A0141612068C16841F40051C16025647B
:1027B000202084F83D0084F83E00002070BD000019
:1027C0002DE9F04F87B0064614216846FDF774FFE7
:1027D0006348624DD6F800C06149103802220323D5
:1027E0000024AC451CD10D6845F080450D6009689A
:1027F00001F080410591016841F01001016000681D
:10280000694600F010000590D8018DE815000820F9
:10281000CDE903305348FFF78DF807B0BDE8F08FDE
:10282000DFF8448107254FF4807A4FF4403B4FF0A6
:1028300000674FF48069C44538D14949091DD1F872
:1028400000C04CF0100CC1F800C0096801F0100184
:102850000591016841F0020101600068694600F0DD
:1028600002000590C0208DE81500CDE903353F48F2
:10287000FFF760F83F4D3E4805F118012860C5E9B3
:102880000174C5E903496C6181E8100C28466C624B
:10289000FEF7C2FF08B1FEF78EFAB56300220521EC
:1028A0002520AE63FFF7FEF9252053E0DFF8C8804E
:1028B000C445B2D1D1F800C04CF4802CC1F800C09E
:1028C000096801F480210591016841F00801016067
:1028D0000068694600F0080005904FF440708DE8EC
:1028E0001500CDE903352548FFF724F8214D24488C
:1028F0006035B8462860C5E90174C5E903496C61D3
:10290000C5E9064A2C624F4628466C62FEF784FFF2
:1029100008B1FEF750FAB563AE63164D1848C035DE
:102920003030E5E80208402091C5124845F81449C6
:10293000C030AC61C5E9074B6C62FEF76DFF08B1B2
:10294000FEF739FA7563002205212720AE63FFF7F1
:10295000A9F92720FFF798F95FE700000078004009
:1029600040380240001002400010014000040240C4
:1029700040640240F804002000480040000C02407F
:102980002860024070477047FEE700000A4982B0A5
:102990000868026842680092C26842F40052C2604D
:1029A0000868C16841F01001C16040F28512034916
:1029B000014802B001F032BEB4040020B46D002022
:1029C0002DE9F04700240746DFF834814D4D0126FC
:1029D00090E0285DA52866D105EB040940F20722A6
:1029E000B9F80500A0F20721904248D008DC03287E
:1029F0000BD0A0F50070013818D0012879D12DE056
:102A0000012952D0FB2974D162E04846292101F006
:102A100025FE00286DD009F1070120223A48FDF774
:102A2000B2FD3948293480F8206063E04846162119
:102A300001F014FEB8B3344809F107010D221F3824
:102A4000FDF7A1FDDFF8C0901634A9F11F0999F830
:102A50000000FEF723F889F80D604BE04846192185
:102A600001F0FCFDF8B1284809F1070110221138E6
:102A7000FDF789FD24481138193406743AE04846B8
:102A8000102101F0EBFD78B14946404651F8072F7F
:102A900040F8092F8A888280897981711848093025
:102AA0001034C67101E024E0641C281981460F210E
:102AB00001F0D4FDE8B1484650F8072FC8F80220CD
:102AC0008088A8F806000E48801C0F34867111E03B
:102AD0004846272101F0C2FD58B10B4809F1070112
:102AE0001E222130FDF74FFD07482130273486771D
:102AF00000E0641CBC42FFF66CAFBDE8F08700004C
:102B000064010020B46D0020656F0020F0B589B02D
:102B10000F46044620216846FDF7CEFD7348744DEC
:102B20004089A0F57F41FF397DD000202861014612
:102B3000C5F80C0034F91120002A00DC5242491C6F
:102B4000C9B210440829F5D3E860286129786E4697
:102B5000002969D0B4F9001000EE101AB8EEC01ABE
:102B600000EE100AB8EEC00AC1EE000A9FED610A3D
:102B700060EE800ACDED000AB4F9021000EE901A62
:102B8000B8EEE01A00EE900AF8EEE01AC1EE210A63
:102B900060EE800ACDED010AB4F9041000EE901A3F
:102BA000B8EEE01A00EE900AF8EEE01AC1EE210A43
:102BB00060EE800ACDED020AB4F9061000EE901A1C
:102BC000B8EEE01A00EE900AF8EEE01AC1EE210A23
:102BD00020EE800A8DED030AB4F9001000EE101A01
:102BE000B8EEC01A00EE100AB8EEC00AC1EE000A34
:102BF0009FED410A60EE800ACDED040AB4F902109F
:102C000000EE901AB8EEE01A00EE900AF8EEE01A24
:102C1000C1EE210A60EE800ACDED050AB4F9041078
:102C200000EE901A01E023E026E0B8EEE01A00EE94
:102C3000900AF8EEE01AC1EE210A60EE800ACDEDAE
:102C4000060AB4F9061000EE901AB8EEE01A00EE8B
:102C5000900AF8EEE01AC1EE210A20EE800A8DED0E
:102C6000070A00BF00F04AF8002095ED040A39E099
:102C7000E868286109B0F0BD34F9112004EB410384
:102C800000EE102A06EB8102491CF8EEC00A00EEA5
:102C9000100AC9B20429B8EEC00A80EE801A82ED8B
:102CA000001AB3F9083000EE103AF8EEC00A00EE50
:102CB000100AB8EEC00A80EE801A82ED041ADBD347
:102CC000D0E700BF06EB8001B8EEC01AD1ED000AD4
:102CD00060EE810AFDEEE00A10EE901A24F8101062
:102CE000401CC0B2B842EDDBC4E70000466F0020D4
:102CF000D40000206666E63FCDCC4C3E1048B0F9CB
:102D00000810104800EE101AC1F13C02818012B286
:102D10004280F8EEC00A90ED021A002A80EE810A85
:102D200020EE000A80ED050A09DDD0ED030AF8EE79
:102D3000E00A20EE800ABDEEC00A80ED040A70476A
:102D4000546F0020D4000020DDE9031288B243BA9A
:102D50000748090C49BA8380C18091B249BA4181C0
:102D6000110C0173C189491CC18101214173704754
:102D7000A66F002010B5A0F20120DDE9051200EBDE
:102D800080048BB209485BBA00EB8400090C838095
:102D900049BAC18091B249BA8181110C8173018A0B
:102DA000491C01820121C17310BD0000B66F0020D3
:102DB0000E48DDE9031290ED020ABCEEC00A10EEE7
:102DC000103A03838BB25BBA00EE103A090C49BA91
:102DD000B8EE400A80ED020A018291B249BA8182BE
:102DE000110C8175418D491C418570470870002088
:102DF000DDE903138AB252BA00EE102A0A4AA0F2A1
:102E00000520B8EE400A02EB8010090C80ED020AA2
:102E100049BA018299B249BA8182190C8175418DF2
:102E2000491C418570470000487000200F4810B5CC
:102E30000D4901600721416000214FF4003281609B
:102E4000C0E90312D2004261017601224276827605
:102E5000C27601774177FEF740FA002803D0BDE83B
:102E60001040FDF7A8BF10BD00640040DC03002047
:102E70000F4810B50D4901600721416000214FF452
:102E800000328160C0E90312D20042610176012262
:102E900042768276C27601774177FEF71EFA0028E5
:102EA00003D0BDE81040FDF786BF10BD00680040AC
:102EB00004040020154808B5016841F48001016050
:102EC000016801F480010091016841F40011016082
:102ED0000068002200F40010009005210C20FEF78D
:102EE000E1FE0C20FEF7D0FE002205210E20FEF7A9
:102EF000D9FE0E20FEF7C8FE002205213A20FEF77B
:102F0000D1FEBDE808403A20FEF7BEBE3038024090
:102F100030B52E4DB3B02AAC95E80F0084E80F0011
:102F200000212AA803F0DFF9294C1035A06195E8AB
:102F30000F002EAD85E80F0000212EA803F0D3F975
:102F40002249E0611C2220316846FDF761FB002127
:102F5000684603F0DBF91D4920601C223C3107A8BC
:102F6000FDF756FB002107A803F0D0F91749606070
:102F70001C2258310EA8FDF74BFB00210EA803F0D0
:102F8000C5F91249A0601C22743115A8FDF740FB59
:102F9000002115A803F0BAF90C49E0601C22903119
:102FA0001CA8FDF735FB00211CA803F0AFF9074969
:102FB00020611C22AC3123A8FDF72AFB002123A8A5
:102FC00003F0A4F9606133B030BD0000E49500085F
:102FD00000000020154808B5016841F001010160BA
:102FE000016801F001010091016841F002010160F6
:102FF000016801F002010091016841F008010160DF
:10300000016801F008010091016841F08001016050
:10301000016801F080010091016841F01001016038
:10302000006800F01000009008BD00003038024039
:103030000C4810B50A4901604FF4E13141600021AC
:1030400081600C22C160C0E904128161C161FFF797
:1030500085FB002803D0BDE81040FDF7ACBE10BDD5
:10306000007800402C0400200E4810B50C49016087
:103070000D4941604FF48051816000214FF480621E
:10308000C0E903120C22C0E90521C161FFF766FB0C
:10309000002803D0BDE81040FDF78DBE10BD000034
:1030A0000010014070040020A08601000C4810B5FB
:1030B0000A4901604FF4E1314160002181600C2236
:1030C000C160C0E904128161C161FFF747FB0028BC
:1030D00003D0BDE81040FDF76EBE10BD00480040B3
:1030E000B4040020FEE7FEE7DDE9031200EE902ABB
:1030F0009FED0A0A084880EE801A00EE901AC0E997
:10310000001261EE200A80EE801A80ED021A818999
:10311000491C8181704700008C6D002000007A44BA
:1031200070B50646C0EBC6013C483F4D00EB81043C
:103130002DED028B94ED031ADFED398A9FED398A6C
:10314000D4ED010A81EE280ABDEEC00A10EE100A85
:1031500081EE080ABDEEC00A10EE101A401A00EE09
:10316000100A606105F12000F8EEC01AB0EE600AA6
:1031700001EE880AD4ED001A30EE210A84ED010A2E
:1031800030EE410AC5ED040A85ED080AFDF7BAFBE9
:1031900095ED080A2549B0EEC00A10EE100A8842E3
:1031A00038DDE878012805D0687818B16889B0F56D
:1031B000FA7F2FD294ED010A1B48B0EE681A30EE68
:1031C000280A303084ED010AD5ED040A70EEA80A11
:1031D000C5ED040A30F81610494220F81610D4ED57
:1031E000050AF8EEE01A01EE881AB4EEC10AF1EE13
:1031F00010FA02DD30EE480A0AE0F8EEE00A50EE7E
:10320000888AB4EEE80AF1EE10FA03D230EE080A2A
:1032100084ED010ABDEC028B70BD0000706B0020D4
:10322000000034430000B4439C0000200000B4427E
:1032300070B5264BDFED260A03EB8013264D93ED88
:10324000020A254B254E20EE200ADFED220A03EB71
:103250008003103520EE200AD3ED000AC0EBC00039
:1032600005EB800070EE600A10EE904AB44202DD79
:103270000469641E06E010EE904A194DAC4202D972
:103280000469641C046183ED000A012901D1002155
:10329000016182B1012A0DD101694FF4B472514329
:1032A00000EE901AB1EE400AF8EEE00A30EE600A45
:1032B00080ED030A70BD01694FF4B472514300EE12
:1032C000901AF8EEE00A30EE800AF1E7487000202C
:1032D000000000390000B443606B0020000034435C
:1032E000000034C3194918488B69827E1A708B69B3
:1032F000C27E5A70B0F9182000EE102AB8EEC00A4B
:1033000081ED000AB0F9162000EE102AB8EEC00ACE
:1033100081ED020AB0F9122000EE102AB8EEC00AC0
:1033200081ED040AB0F9142000EE102AB8EEC00AAC
:1033300081ED030AB0F91C0000EE100AB8EEC00AD5
:1033400081ED010A704700004C6D0020EC00002068
:1033500008B504F0AFF9074C0090E07F012806D0D3
:1033600000F014F80221684603F0C8FDF5E700F00C
:1033700003F8F7E7EC00002010B500F0C9F80249A7
:103380000020088410BD0000EC00002010B5064CA1
:10339000206B804700F0E2FB606A8047FFF7A2FFE6
:1033A000BDE8104000F002B82801002070B5514C73
:1033B000BAEE041A2DED028B2246A069D2ED040A62
:1033C00092ED002AB2EE0C0AD2ED021A20EE811A1A
:1033D00062EE000A017821EE800A0025152382B0F2
:1033E000B2EE048A03290AD0022912D0032909D097
:1033F000012920D0032908D002290DD01EE04178F0
:10340000022910D0417803290DD0407801284ED0F0
:1034100014E04178032903D04078022854D00DE00D
:103420000C2020845FE0238402B0BDEC028BBDE859
:10343000704000F0C1BB4078032806D000F068F867
:10344000258402B0BDEC028B70BD202020842A4868
:103450002A4EF2EE0E0AB0F91C0000EE100AB6F980
:103460000600B8EEC00A20EE200A00EE900A2448BA
:10347000F8EEE00A02F087FFBDEEC00A00231A460C
:1034800010EE100A01B231801E48009503F06BFB6C
:1034900094ED000A60EE080A94ED020A02B020EEF4
:1034A000080ABDEC028BBDE8704000F0A3BC1720F9
:1034B000208402B062EE080A21EE880ABDEC028B7D
:1034C000BDE8704000F00CBC0B20208494ED010A94
:1034D000B5EEC00AF1EE10FA05D00B4890ED020AE5
:1034E0000A4880ED090A02B0BDEC028BBDE87040CD
:1034F00000F00EB8EC0000204C6D0020A66F0020FC
:103500001C6B0020DC030020087000209C000020C1
:1035100038B500201249134A044600BF00EB80036F
:1035200021F8234002EB8013401CC0B21C80042809
:10353000F4D300231A4619460B48009403F039FBD4
:1035400000231A4619460848009403F058FB00234C
:103550001A4619460548009403F005FB38BD0000E3
:10356000B66F00204870002004040020DC03002017
:103570002DE9F05F15462DED068B0F4606469FEDB3
:10358000FE0B01F0A1FA51EC100B04F0F3F909EE77
:10359000900A46EA0700FA4C5FEA00094FF4FA7B0A
:1035A0004FF000084FF0010A7ED084F8048084F8C0
:1035B0000180A4F8068000BF59EA05009FEDF18B59
:1035C000DFF8C8939FEDF29A6FD084F80580617898
:1035D0004046012900D0608184F803A09FEDED0AE8
:1035E000C84689ED0E0A9FEDEC0A89ED070A9FEDAA
:1035F000EB0A89ED000A9FEDEA0A89ED150AB0EEA3
:10360000690AFCF7C3FEF0EE400A00EE105A94ED92
:10361000031AB8EEC00A20EE011A00EE107AB8EED6
:10362000C00A01EE600A10EE100A05F0FFFC41EC42
:103630001A0BB0EE690AFCF7E5FED4ED030A20EEA2
:10364000201A00EE106AF8EEC00A00EE105AB8EE2A
:10365000C00A40EE410A10EE900A05F0E7FC41EC8A
:10366000100BB0EE4A1AF0EE6A1A01F099FB53EC17
:10367000182B51EC100B04F0DBFE04F07BF9B0EEDC
:10368000690AC8F83C00FCF781FEB0EE401A00EE73
:10369000105AD4ED030AB8EEC00A60EE201A00EE0C
:1036A000107AF8EEC00A01E0CFE0E4E041EE810AD2
:1036B00010EE900A05F0BAFC41EC1A0BB0EE690A64
:1036C000FCF7A0FED4ED030A20EE201A00EE106AEB
:1036D000F8EEC00A00EE105AB8EEC00A40EE410AF9
:1036E00010EE900A05F0A2FC41EC100BB0EE4A1A65
:1036F000F0EE6A1A01F054FB53EC182B51EC100B4E
:1037000004F096FE04F036F9B0EE690AC8F820001D
:10371000FCF73CFEF0EE400A00EE105A94ED031A5E
:10372000B8EEC00A20EE011A00EE107AB8EEC00A18
:1037300001EE200A10EE100A05F078FC41EC1A0B9D
:10374000B0EE690AFCF75EFED4ED030A20EE201A03
:1037500000EE106AF8EEC00A00EE105AB8EEC00A89
:1037600040EE010A10EE900A05F060FC41EC100BEF
:10377000B0EE4A1AF0EE6A1A01F012FB53EC182B65
:1037800051EC100B04F054FE04F0F4F8B0EE690AAA
:10379000C8F80400FCF7FAFDF0EE400A00EE105AFB
:1037A00094ED031AB8EEC00A20EE011A00EE107A6A
:1037B000B8EEC00A01EE600A10EE100A05F036FC01
:1037C00041EC1A0BB0EE690AFCF71CFED4ED030ABB
:1037D00020EE201A00EE106A00EE905AB8EEC00AF1
:1037E000F8EEE00A00EE810A10EE100A05F01EFC69
:1037F00041EC100BB0EE4A1AF0EE6A1A01F0D0FA62
:1038000053EC182B51EC100B04F012FE04F0B2F83C
:1038100000EE105AC8F85800B8EEC00A02F000FBDB
:1038200010EE100A5F49884201DD84F804A000EE22
:10383000106AB8EEC00A84ED050A84ED069A84ED9C
:10384000079ABDEC068BBDE8F09F00EE105A84F895
:1038500001A0B8EEC00A02F0E3FA10EE100A5249D5
:103860008842BFF6A9AEE0885845BFF4A5AE401C1B
:10387000E0800025A0E684F8038060894146584531
:1038800078D2401C60812079012874D05FF000005C
:1038900000EE100AB8EE400A84ED070AB0EE690A9D
:1038A000FCF774FDF0EE400A94ED070A94ED031A5C
:1038B00020EE011A94ED060A01EE600A10EE100ADD
:1038C00005F0B4FB41EC1A0BB0EE690AFCF79AFD67
:1038D000D4ED030A94ED071A20EE200AD4ED050A70
:1038E00041EE400A10EE900A05F0A0FB41EC100BEF
:1038F000B0EE4A1AF0EE6A1A01F052FA53EC182BA5
:1039000051EC100B04F094FD04F034F84D46B0EE89
:10391000690AC9F83C00FCF739FDF0EE400A94ED65
:10392000070A94ED031A20EE011A94ED060A01EE3F
:10393000200A10EE100A05F079FB41EC1A0BB0EEEC
:10394000690AFCF75FFDD4ED030A94ED071A20EE37
:10395000200AD4ED050A41EE400A10EE900A05F067
:1039600065FB41EC100BB0EE4A1AF0EE6A1A01F05A
:1039700017FA1BE098E095E0000000000000F03F1F
:103980009C00002000000000DCA54C40706B002073
:10399000000000000000074300002743000096429B
:1039A000000023430000C84200008C4253EC182B57
:1039B00051EC100B04F03CFD03F0DCFFB0EE690AA3
:1039C0002862FCF7E3FCF0EE400A94ED070A94ED60
:1039D000031A20EE011A94ED060A01EE200A10EEF9
:1039E000100A05F023FB41EC1A0BB0EE690AFCF754
:1039F00009FDD4ED030A94ED071A60EE200A94ED58
:103A0000050A01EE200A10EE100A05F00FFB41EC4A
:103A1000100BB0EE4A1AF0EE6A1A01F0C1F953EC3D
:103A2000182B51EC100B04F003FD03F0A3FFB0EED4
:103A3000690A6860FCF7AAFCF0EE400A94ED070AF8
:103A400094ED031A20EE011A94ED060A01EE600AC5
:103A500010EE100A05F0EAFA41EC1A0BB0EE690A12
:103A6000FCF7D0FCD4ED030A94ED071A60EE200AAF
:103A700094ED050A01EE200A10EE100A05F0D6FAC0
:103A800041EC100BB0EE4A1AF0EE6A1A01F088F918
:103A900053EC182B51EC100B04F0CAFC03F06AFF36
:103AA000A865CEE63220F3E69FED100A217189ED7C
:103AB0000E0A9FED0F0A484689ED070A9FED0D0A91
:103AC0005FF0000189ED000A9FED0B0A89ED150AF0
:103AD00084F805A0C1EBC10200EB8202491CC9B207
:103AE00082ED019A0429F5D3ABE6000000003443CF
:103AF0000000F4420000F0420000EC42DDE9032146
:103B0000B0F5C06F07D10448C0E9052100F11401E8
:103B1000088A401C088270471401002008B50A205A
:103B200000900B4808216B46016100218160C16053
:103B300040F2016101600748D0E90712C0E90312B1
:103B400000F10C0202490448FDF760F908BD0000CD
:103B50009C6D002014010020DC03002070B5104C87
:103B6000104DA07E032802D1E07E03280AD0012058
:103B700000F01CF8A96B00208847A17E0A480129A3
:103B800006D008E0002000F011F80120A96BF3E74F
:103B9000E17E012902D00121017070BD0221FBE705
:103BA0004C6D0020280100209C0000200149087075
:103BB0007047000014010020BDEEC11A2DE9F84F36
:103BC00011EE100AFDEEE00ABDEEC00A02B210EEE0
:103BD000900A3A4B01B210EE100A00B200F05CFD00
:103BE000DFF8D890364DDFF8DCA0374EDFF8DC8008
:103BF0000024A9F1300B00BF04EB840705EB87001C
:103C000004EB0411B0F9060000EE100A39F91400B3
:103C1000F8EEC00A00EE100A0AEB8100B8EEC00A06
:103C200002F0B1FBBDEEC00AC4EBC40110EE100AF5
:103C300025F827009BF8050006EB84170128B7F943
:103C4000100000EE100A08EB8100B8EEC01AD0EDAB
:103C5000030A90ED010AC4EBC40000EB80002BD0F6
:103C60001B4900BF01EB800002F07AFBBDEEC00AE9
:103C7000641CE4B210EE100A042C3880BCD3154842
:103C800002F022F9B5F93C000090B5F92830B5F9F9
:103C90001420B5F90010104802F08BFFB6F9C000EF
:103CA0000090B6F98030B6F94020B6F900100A4805
:103CB00002F0A5FFBDE8F88F0849D3E7CC0000204B
:103CC000B66F00203863002048700020706B002021
:103CD00048640020E06B0020040400207866002087
:103CE0002DE9F84F00F026F990ED010A394B3A4AD8
:103CF000BDEEC00A10EE101A90ED000A09B2BDEE3A
:103D0000C00A10EE100A00B200F0C6FCDFF8C49042
:103D1000324DDFF8CCA0334EDFF8CC80DFF8CCB0EA
:103D2000002400BF04EB840705EB870004EB0411BB
:103D3000B0F9060000EE100A39F91400F8EEC00AD6
:103D400000EE100A0AEB8100B8EEC00A02F01BFB7D
:103D5000BDEEC00AC4EBC40110EE100A25F827001E
:103D600006EB8417B7F9100000EE100A08EB81008B
:103D7000B8EEC01AD0ED030A90ED010AC4EBC400FE
:103D800000EB80010BEB810002F0EAFABDEEC00A05
:103D9000641CE4B210EE100A042C3880C2D3B5F9CA
:103DA0003C000090B5F92830B5F91420B5F90010A1
:103DB0000F4802F0FEFEB6F9C0000090B6F9803060
:103DC000B6F94020B6F90010094802F018FFBDE826
:103DD000F88F0000CC00002024FAFFFFB66F00200F
:103DE0003863002048700020706B00204864002079
:103DF000040400202DE9F04F45482DED028BF0EE34
:103E0000608AD0ED020A4348B0EE408A81B090ED5E
:103E1000090A414802F00AFBBDEEC01ABDEEE80AED
:103E20003C4B11EE100A3033404202B210EE100A41
:103E3000BDEEC80A01B210EE100A00B200F02CFC70
:103E4000DFF8D090354DDFF8D8A0364EDFF8D880B7
:103E5000DFF8D8B0002409F1300900BF04EB840773
:103E600005EB870004EB0411B0F9060000EE100A20
:103E700039F91400F8EEC00A00EE100A0AEB8100CE
:103E8000B8EEC00A02F07FFABDEEC00AC4EBC4016E
:103E900010EE100A25F8270006EB8417B7F910007A
:103EA00000EE100A08EB8100B8EEC01AD0ED030A4C
:103EB00090ED010AC4EBC40000EB80010BEB810024
:103EC00002F04EFABDEEC00A641CE4B210EE100A15
:103ED000042C3880C2D3B5F93C000090B5F92830E5
:103EE000B5F91420B5F90010114802F062FEB6F9D8
:103EF000C0000090B6F98030B6F94020B6F9001045
:103F00000B4802F07CFE01B0BDEC028BBDE8F08FE7
:103F1000087000209C000020D86A0020B66F0020A6
:103F20003863002048700020706B00204864002037
:103F30000404002010B51C489FED1D1A2DED048BC4
:103F4000F0EE408AB0EE608A90ED020A1748D0ED9C
:103F5000090A70EE600A80EE810ADFED160A20EE93
:103F6000209AB0EE490AFCF711FA60EE289AB0EEFA
:103F7000490AFCF747FA48EE409A0C4CB0EE490A61
:103F80002834C4ED009AFCF701FA20EE088AB0EE5E
:103F9000490AFCF737FA08EE808A204684ED018A48
:103FA000BDEC048B10BD0000087000209C000020B8
:103FB0008805B64135FA8E3C014880ED020A70470B
:103FC00028010020024BD87419735A7370470000FF
:103FD0002801002001494873704700002801002093
:103FE0002DE9F04155482DED028B418954482D298A
:103FF00002D29FED540A08E0782902D99FED520AB7
:1040000003E000EE101AB8EE400A4D4C4F4B14344A
:1040100080ED020A2246677B9279012F01D1282A7E
:104020000CD800EE101A5968F8EE400A00EE101A8B
:1040300030EEC00AD0ED020A30EEC00AB1EE041A2A
:1040400080ED010A90ED020AD4ED020A70EE011A29
:104050009FED3F8AF4EEE10AF1EE10FA02DD80ED09
:10406000010A06E0F5EEC00AF1EE10FA01D280ED89
:10407000018A1989A1F13803042B04D290ED010AB9
:1040800030EE410A06E0372902D990ED010A03E03B
:104090009FED300A80ED010A294B2F49002684ED5F
:1040A000020A1433B1F920109B6A81B10B290ED09A
:1040B000A17C01290BD00125E5742573DFB1012F07
:1040C00009D0012101700022114610461AE0002299
:1040D0001146104626E0192A01D3012202E00121EF
:1040E00001700022012108469847E6616576BDEC23
:1040F000028BBDE8F08101210170607E012806D0AD
:1041000000220846BDEC028BBDE8F0411847E0698B
:1041100041F28831401CE06188424FF0000204DD2A
:104120000121084698476676E1E70021012098477B
:1041300084ED058A84ED028AD9E70000466F0020ED
:1041400014010020000034420000F042546F0020AF
:1041500000000000CDCCCC3DEC00002010B5094C97
:1041600000221146A36A104698479FED070A0020D7
:1041700084ED050A84ED020A6076A4F114010120A1
:10418000087010BD280100200000000010B550206C
:1041900080F31188BFF34F8FBFF36F8F03F090FA56
:1041A00018B104494FF080500860002080F3118856
:1041B00010BD000004ED00E030B593B0302168463A
:1041C000FCF77AFA14210CA8FCF776FA1D480025B2
:1041D000016841F080510160006800F0805011904A
:1041E0001948016841F4404101600068022400F46C
:1041F0004040119001200090000401908001CDE921
:10420000064006200890A820CDE9090404200B9060
:104210006846FDF785FE08B172B6FEE70CA90F20CF
:1042200081E831004FF4A0500F904FF4805010906F
:1042300005210CA8FDF768FD002801D072B6FEE745
:1042400013B030BD403802400070004002480168A1
:1042500041F470010160704788ED00E00148FEF70D
:1042600086B8000018060020F0B50268254C264DDF
:10427000264E274F274B4FF0804CA04209D0604577
:1042800007D0A84205D0B04203D0B84201D098422E
:1042900004D122F0700E4A6842EA0E02A0421BD0FE
:1042A000604519D0A84217D0B04215D0B84213D0FB
:1042B000984211D0184DA8420ED0184DA8420BD0EC
:1042C000174DA84208D0174DA84205D0164DA84258
:1042D00002D0164DA84203D122F44075CA682A4381
:1042E0004D6922F080022A4302608A68C2620A682D
:1042F0008262A04201D0984201D109690163012183
:104300004161F0BD00000140000400400008004091
:10431000000C004000040140004001400044014006
:104320000048014000180040001C004000200040F0
:1043300070EE600A08499FED091A10EE900A884253
:1043400002DD30EE410A704710EE900A04498842BF
:10435000F9D930EE010A7047000034430000B4433D
:10436000000034C310B5806B0021C185C184FEF705
:10437000BFF810BD01680C3151E8002F22F4907293
:1043800041E80023002BF5D10168143151E8002FDA
:1043900022F0010241E80023002BF5D1016B012935
:1043A00009D101680C3151E8002F22F0100241E8D8
:1043B0000023002BF5D1202180F83E10002101635D
:1043C000704708B590F83E10222901D0022008BDA0
:1043D00082684FF480539A4201D1016921B1816A08
:1043E0009A421BD04AB10AE00268816A5268C2F35D
:1043F00008020A80816A891C08E0026972B10268B9
:10440000526802F07F020A70816A491C8162C18D84
:10441000491E0904090CC18503D019E002685268DD
:10442000F1E70168CA6822F02002CA600168CA6820
:1044300022F48072CA6001684A6922F001024A616E
:10444000202180F83E10016B012903D0FEF79AFA73
:10445000002008BD0021016301680C3151E8002FE4
:1044600022F0100241E80023002BF5D101680A6810
:10447000D20602D50A6849680091818DFEF737F8A7
:10448000E6E7000070B5044600680169E26821F4BF
:104490004051114301612169A068E26908436169E3
:1044A000114308432168CA6849F20C639A430243E6
:1044B000CA6020684169A26921F4407111434161D9
:1044C00031492068884202D03049884202D1FDF744
:1044D000E5FC01E0FDF7D2FCE26900231921642527
:1044E0003226B2F5004F626828D0A0FB0101930F7D
:1044F0009200FBF7D1FF0146B0FBF5F06FF0180218
:10450000504301EB800006EB0010B0FBF5F000F02B
:10451000F002B1FBF5F002EB0012B1FBF5F06FF029
:104520001803584301EB800006EB0010B0FBF5F0D8
:1045300000F00F0021681044886070BDA0FB0101ED
:1045400092185B41FBF7A8FF0146B0FBF5F00201B2
:10455000B1FBF5F06FF01803584301EB800006EB58
:10456000C000B0FBF5F000F0F80002EB4002B1FB38
:10457000F5F0584301EB800006EBC000B0FBF5F00E
:1045800000F00700D6E700000010014000140140D1
:1045900038B50A4C20680168C90609D5C068C0064C
:1045A00006D5204602F088FB20680168406800902C
:1045B000BDE838400148FDF79DBF000070040020B1
:1045C00038B5154C20680168C9061FD5C168C906F1
:1045D0001CD5016840680090A06B0068016821F05C
:1045E00001010160A06B0068406880B2A0F28710F2
:1045F0004042FEF7E5F9A16B40F28510096848607A
:10460000A06B0068016841F001010160BDE838401D
:104610000148FDF76FBF0000B404002070B50446E8
:1046200090F83E00202801D0022070BD91B18AB1DF
:10463000A162A28500202064134625680A46291D30
:10464000A06BFDF753F92068416941F040014161D9
:10465000002070BD012070BDFEE7000030B50C46A3
:10466000050014D0022C12D90A48A11E028828463F
:10467000FCF7A4FB2919C2B211F8023C9A4206D1F8
:1046800011F8011CB1EB102F01D1012030BD002029
:1046900030BD0000640100202DE9F0411D462DEDE4
:1046A000068B14460F460646B7EE008A9FEDEA0BCE
:1046B00000F00AFA51EC100B03F05CF908EE900AD6
:1046C000224639463046FEF753FFDFF8948356EA18
:1046D00007007DD00021A8F8081000BFB0EE680ADE
:1046E000FBF754FEB0EE401A00EE107A00EE904A4E
:1046F000B8EEC00AF8EEE00A00EE810A10EE100AE9
:1047000004F094FC41EC100B9FEDD69BB0EE491ADF
:10471000F0EE691A00F044FCB0EE40AAF0EE60AA98
:10472000B0EE680AFBF76EFEB0EE401A00EE106ABB
:10473000F8EEC00A00EE104AB8EEC00A40EE410A98
:1047400010EE900A04F072FC41EC100BB0EE491A26
:10475000F0EE691A00F024FC53EC1A2B51EC100B0C
:1047600003F06AFA41EC100B01F042FA51EC100B25
:1047700003F0F4F803F098FD6880B0EE680AFBF7E8
:1047800005FEB0EE401A00EE107A00EE904AB8EE48
:10479000C00AF8EEE00A00EEC10A10EE100A04F0BA
:1047A00045FC41EC100BB0EE491AF0EE691A00F02E
:1047B000F7FBB0EE40AAF0EE60AAB0EE680AFBF795
:1047C00021FEB0EE401A00EE106AB8EEC00A00E01A
:1047D0002AE100EE904AF8EEE00A00EEC10A10EE7F
:1047E000100A04F023FC41EC100BB0EE491AF0EE75
:1047F000691A00F0D5FB53EC1A2B51EC100B03F0A7
:104800001BFA41EC100B01F0F3F951EC100B03F023
:104810004BFDA880B0EE680AFBF7B8FDB0EE401A79
:1048200000EE107A00EE904AB8EEC00AF8EEE00A08
:1048300000EEC10A10EE100A04F0F8FB41EC100B78
:10484000B0EE491AF0EE691A00F0AAFBB0EE40AAE9
:10485000F0EE60AAB0EE680AFBF7D4FDB0EE401AA5
:1048600000EE106A00EE904AB8EEC00AF8EEE00AD8
:1048700000EE810A10EE100A04F0D8FB41EC100B98
:10488000B0EE491AF0EE691A00F08AFB53EC1A2BCD
:1048900051EC100B03F0D0F941EC100B01F0A8F92A
:1048A00051EC100B03F05AF803F0FEFC2880B0EE38
:1048B000680AFBF76BFDB0EE401A00EE107A00EECE
:1048C000904AB8EEC00AF8EEE00A00EE810A10EE57
:1048D000100A04F0ABFB41EC100BB0EE491AF0EEFD
:1048E000691A00F05DFBB0EE40AAF0EE60AAB0EEEF
:1048F000680AFBF787FD00EE906A01EE104AF8EEB9
:10490000E00AB8EEC11A41EE000A10EE900A04F077
:104910008DFB41EC100BB0EE491AF0EE691A00F075
:104920003FFBB0EE401AF0EE601A53EC1A2B51EC3C
:10493000110B03F081F941EC100B01F059F951EC26
:10494000100B03F0B1FCB5F9001000B200EE101A24
:104950000022B8EEC00A20EE080ABDEEC00A10EE32
:10496000101A2980B5F9021000EE101AB8EEC00A2C
:1049700020EE080ABDEEC00A10EE101A6980B5F9E3
:10498000041000EE101AB8EEC00A20EE080ABDEEC0
:10499000C00A10EE101A00EE100AA9801146B8EEF7
:1049A000C00A20EE080ABDEEC00A10EE100AE88028
:1049B0001046FEF73DFC002211460120FEF738FCB0
:1049C000002211460220FEF733FC0022114603208C
:1049D000FEF72EFC002211461046FEF7A1FB002236
:1049E00011460120FEF79CFB002211460220FEF733
:1049F00097FB002211460320FEF792FB1B4E00247A
:104A0000C4EBC40006EB8005D5ED030A95ED010A61
:104A1000FFF78EFC641CE4B285ED010A042CEFD391
:104A2000BDEC068BBDE8F08100EE104AB8EEC00A7E
:104A300001F0F6F910EE100A0D498842BFF64EAEAD
:104A4000B8F80800B0F5FA7FBFF448AE401CA8F8EB
:104A50000800002442E60000000000000000F03FD3
:104A60009C0000200000000000000040706B00204F
:104A700000008C4203B401984100009850EAC12024
:104A800018BF04204A0D18BF40F0010040F2FF7229
:104A9000B2EB515F08BF40F00200012808BF0520BB
:104AA00002B070470907090E002804DB00F1E0207E
:104AB00080F80014704700F00F0000F1E02080F84B
:104AC000141D70470000000070B59B482DED020BCF
:104AD0002DED068B079D25F00044A04218DC974879
:104AE000844202DC0AD1069840B19DED060BBDEC74
:104AF000068B02B0BDE8704001F04EB9002DCCBF6E
:104B00009FED8F0B9FED900BBDEC068B02B070BD3F
:104B10008F48A04215DD8F48A042D8BF4FF0FF3428
:104B200058DD9DED060B51EC100BFFF7A3FF042899
:104B300008BF01F065F99DED060BBDEC068B02B0D8
:104B400070BD9DED060B51EC100B01F015FACDE98F
:104B5000060181489FED828BA0423CDD8248A04245
:104B60001FDD00249FED82AB9DED060B53EC1A2B4D
:104B700051EC100B03F060F89DED060B41EC190BA6
:104B800053EC1A2B51EC100B03F052FC53EC182B86
:104B900003F04AFF53EC192B03F08EF9CDE906011F
:104BA00049E09DED060B012453EC182B51EC100B42
:104BB00003F042F89DED060B41EC190B53EC182B5A
:104BC00051EC100B03F030FF53EC192B03F074F988
:104BD000CDE906012FE06848A0421FDD02249FEDC9
:104BE000689B9DED060B53EC192B51EC100B03F059
:104BF0001FFC53EC182B03F01FF89DED060B41EC46
:104C0000180B53EC192B51EC100B03F00DFF53EC68
:104C1000182B03F051F9CDE906010CE09DED060BD0
:104C2000032453EC102B9FED580B51EC100B03F0A9
:104C300043F9CDE906019DED060B53EC102B51EC29
:104C4000100B03F0F5FB41EC180B53EC182B03F0A1
:104C5000EFFB41EC190B4E480621B0EE490AF0EE8D
:104C6000690A784401F001F853EC182B51EC100B51
:104C700003F0DEFB41EC180B4648B0EE490AF0EEBB
:104C8000690A0521784400F0F0FF53EC192B51EC30
:104C9000100B03F0CDFB41EC100B51EC180B53EC57
:104CA000102B002C0EDA02F0C7FF9DED061B53EC13
:104CB000112B03F0BDFB9DED061B53EC112B03F0F4
:104CC00087FD35E002F0B8FF9DED061B53EC112B7C
:104CD00003F0AEFB41EC100B2F48784400EBC4000E
:104CE00090ED001B51EC100B53EC112B03F09CFECC
:104CF0009DED061B53EC112B03F096FE41EC100BBF
:104D00002648784400EBC40090ED001B51EC100BDA
:104D100053EC112B03F05CFD41EC100B002DA2BFF6
:104D2000BDEC068B02B070BD51EC100B02F016FE0C
:104D300041EC100B01E70000000010440000F07F80
:104D4000182D4454FB21F93F182D4454FB21F9BF81
:104D50000000DC3F0000203E0000F33F00000000A8
:104D6000000000000000F03F0000E63F00000000EF
:104D70000000000000000040008003400000000030
:104D8000000000000000F83F000000000000F0BF3D
:104D9000D25500008855000012550000CA5400008A
:104DA00070B56F4E2DED040B2DED048B82B0DDF848
:104DB00024C0DDE907235C422CF000411C4341EA9A
:104DC000D474069D22F00040B44205D86C422C43B6
:104DD00040EAD474B4420BD99DED081B9DED060B3F
:104DE00002B0BDEC048B04B0BDE8704000F0DEBF43
:104DF000ACF14054A4F17F641C430BD0022404EABC
:104E0000AC7444EAD27405439FED578B9FED582B49
:104E100007D015E09DED060B51EC100B01F00CF8DE
:104E200042E0002C11BF012C9DED060B02B0BDEC41
:104E3000048B04BF04B070BD022C38D0032C3BD0CF
:104E40000B439FED4D1B9FED4E0B0AD0B14218D185
:104E5000B04209D121F0804120F0804009910790B3
:104E60000FE0002A15DA10E0474B7B44002C08BF06
:104E700093ED000B0DD0012C10D0022C17D0032C79
:104E80001AD0B0421DD1002A03DAB0EE410AF0EE8A
:104E9000610A02B0BDEC048B04B070BD93ED000B51
:104EA00051EC100B02F05AFD41EC100BF1E7B0EEA3
:104EB000480AF0EE680AECE7B0EE420AF0EE620A49
:104EC000E7E7401A00159FED329B3C28C8BF8DEDE7
:104ED000000B17DCBCF1000FBCBF10F13C0F8DEDD7
:104EE000009B0FDB9DED080B53EC102B9DED060B8B
:104EF00051EC100B02F0E0FF01F03EF800F09CFFD7
:104F0000CDE90001B4B1012C10D0022C9FED220B91
:104F100053EC102B9DED000B51EC100B19D003F04E
:104F200083FD53EC182B03F07FFDBDE7019880F063
:104F3000004001909DED000B53EC192B51EC100B30
:104F400003F078F904BF0220FBF7E5FB9DED000BB1
:104F50009FE703F069FD53EC182B03F039FCA3E73E
:104F60000000F07F00000000182D4454FB21094090
:104F7000182D4454FB2109C0182D4454FB21F9BFBE
:104F8000182D4454FB21F93F82540000000000001A
:104F90000000000000000000075C143326A6A13CBE
:104FA0002DE9F04D2DED040B2DED0E8B96B0DDE9C6
:104FB0002550279CDDF890A025F0004624F00048FD
:104FC000BAF1000F14BF0121002101EB4502FC4999
:104FD00053184A1093422AD3002814BF01230023F8
:104FE00003EB44030B44F7498B4220D358EA0001FA
:104FF0009FEDF59B76D0DFF8D8B35D4503D1BAF1CC
:10500000000F05D188E0BAF1000F08BF002100D0E1
:10501000012101EB450111F5001F08D8002814BF3C
:105020000121002101EB440111F5001F0BD99DED79
:10503000261B9DED240B16B0BDEC0E8B04B0BDE815
:10504000F04D00F0B3BE0027002DBCBFE1498845FC
:1050500021DAE1498845A8BF02271CDAC3451ADCDA
:10506000DE4901EB2851142908DDC1F1340220FA90
:1050700002F101FA02F282420DD108E058B9C1F101
:10508000140228FA02F101FA02F2424503D101F0BA
:105090000101C1F1020756EA0A0124D1002C22DAEB
:1050A000002D18BF022F01D0012F0AD00220FBF7DC
:1050B00032FB16B0BDEC0E8B04B0BDE8F04D00F035
:1050C00053BE0220FBF727FB00F04EFE51EC100B05
:1050D00002F044FC41EC100B16B0BDEC0E8B04B09A
:1050E000BDE8F08D18E09FEDBEAB9FEDBF8B0028B3
:1050F00071D1B848804522D105F1804010F580106B
:1051000008BFBAF1000F07D0B3450ADC002CA8BFD6
:105110009DED260BE0DA0DE0B0EE490AF0EE690AEB
:10512000DAE7002C06DA9DED260B51EC100B02F0AD
:1051300015FC6FE0AE48784490ED000BCCE7D84505
:105140004DD1002C48DA2EB186423AD1BAF1000F87
:1051500042D126E0BAF1000F13D00220FBF7DBFAB0
:1051600000F03EFE8DED020B9DED240B8DED000B4E
:1051700010EE900A039961F31E0003909DED020B5F
:10518000AAE78DED02AB9DED240B1AEE901A10EEFE
:10519000900A8DED000B61F31E0003909DED020B54
:1051A0009AE78DED028B9DED240B18EE901A10EE10
:1051B000900A8DED000B61F31E0003909DED020B34
:1051C0008AE709DA9DED240B51EC190B53EC102BF7
:1051D00002F072FE1EE020E09DED240B7CE786428B
:1051E0001BDAB4F1804F0DD0A4F10050B0F1FF50A4
:1051F00013D1002D11DB9DED240B51EC100B01F0B0
:1052000024FD07E09DED240B53EC102B51EC100B0B
:1052100000F0C2BC41EC100B5EE79DED240B51EC9D
:10522000100B00F0A9FEBAF1000FCDE90E0142D13A
:105230009FED710B46B3A6F1E040B0F17F600CD05A
:105240005E4538D1002D00DAA7B3022F0CBF012034
:105250004FF0FF3003F08CF8DCE7002D01DD002C6F
:105260000DDA002D01DD002C1FDB002D16DA002CDD
:1052700014DB012F08BF9FED620B3FF42DAFB0EEA2
:105280004A0AF0EE6A0A27E7022F18BF002D0CD059
:10529000012F0AD1002DFFF61FAF06E0002DB8BF89
:1052A000002C08DA012F3FF417AFB0EE480AF0EEF9
:1052B000680A11E71BE0012000EBE57050EA0701E6
:1052C00015D0791EB0EE498AF0EE698A084308BF0E
:1052D0009FED4D8B4E480025804570DD4D494E4871
:1052E000884514DDB0420DDB002C19DB2FE00120D6
:1052F000FBF711FA16B0BDEC0E8B04B0BDE8F04D13
:1053000000F05EBDB34502DC002C09DC1FE08642E4
:1053100002DA002C1BDA03E05E452BDD002C16DDE3
:105320000220FBF7F8F900F05BFD8DED020B53EC6A
:105330001A2B51EC180B03F07BF8CDE9000103990F
:10534000019861F31E0003909DED020BC4E602205C
:10535000FBF7E1F900F054FD10EE901A18EE900AF8
:105360008DED020B8DED008B61F31E0003909DED22
:10537000020BB1E69DED0E0B53EC192B51EC100B0B
:1053800003F052FB9FED260BCDE9080153EC102BE7
:105390009DED080B51EC100B03F04AF89FED221B1A
:1053A00053EC112B03F014FA9DED081B53EC112B59
:1053B00003F03EF89FED1E1B53EC112B3CE08CE0FC
:1053C000FFFF1F00FFFF0F00000000000000F03F84
:1053D0000000F03F0000F07F0000404301FCFFFFB1
:1053E000000000000000F07F00000000000000004E
:1053F000B651000000000000000000000000008026
:10540000000000000000F0FF000000000000F0BFFE
:105410000000E0410000F043FFFFEF3F000000000C
:10542000000000000000D03F555555555555D53F5B
:10543000000000000000E03F03F0CAF99DED080BFA
:1054400041EC1A0B53EC102B51EC100B02F0F0FF57
:1054500053EC1A2B02F0ECFF41EC1A0B9FEDFE0B04
:1054600053EC102B9DED080B51EC100B02F0E0FFFC
:1054700041EC1B0B9FEDFA0B51EC1A0B53EC102B6C
:1054800002F0D6FF41EC1A0B9FEDF70B53EC102BFB
:105490009DED080B51EC100B02F0CAFF53EC1A2BD8
:1054A00003F0C2FA41EC1A0B51EC1B0B53EC1A2B14
:1054B00002F0C2FB0690CDE906519DED060B53ECC0
:1054C0001B2B51EC100B03F0AFFA53EC1A2B03F02B
:1054D0007FF941EC100B00F0A1B90020B6F5801F58
:1054E0000EDA9FEDE30B53EC102B9DED0E0B51EC00
:1054F000100B02F09DFFCDE90E016FF034000E4657
:1055000000EB2650A0F2FF37C6F31300DA4940F053
:105510007F6646F040568842D8BF002408DDD74950
:105520008142C8BF012403DC0024A6F580167F1C3D
:10553000D348784400EBC4000F9690ED00CB9DED6E
:105540000E0B53EC1C2B51EC100B03F06DFA9DED80
:105550000E0B41EC1B0B53EC1C2B51EC100B02F00F
:105560006BFB41EC100B51EC190B53EC102B02F0C0
:10557000A3FC41EC1D0B51EC1B0B53EC1D2B02F05B
:1055800057FF41EC1A0BBF488DED10AB78441095D6
:1055900090ED000B4FF0005040EA660000EB8440B5
:1055A0008DED080B00F5002009909DED080B53ECE4
:1055B0001C2B51EC100B03F037FA9DED0E1B53EC36
:1055C000112B03F005F941EC100B53EC102B9DED62
:1055D000100B51EC100B02F02BFF9DED080B41EC72
:1055E0001C0B53EC102B9DED100B51EC100B02F02B
:1055F0001FFF53EC1B2B03F0EBF853EC1C2B03F0B9
:1056000013FA53EC1D2B02F013FF41EC1C0B53EC6F
:105610001A2B51EC1A0B02F00BFF41EC1B0B9A48B2
:105620000621B0EE4B0AF0EE6B0A784400F01DFB49
:10563000B0EE401AF0EE601AB0EE41DAF0EE61DA48
:1056400053EC1B2B51EC1B0B02F0F2FE53EC1D2B09
:1056500002F0EEFE9DED100B41EC1B0B53EC1A2BF0
:1056600051EC100B02F0E8FA53EC1C2B02F0E0FEB8
:1056700053EC1B2B02F0E0FA9DED100B41EC1B0BE1
:1056800053EC102B51EC100B02F0D2FE41EC1D0B31
:105690009FED7FEB53EC1E2B02F0CEFA53EC1B2B4D
:1056A00002F0CAFA0890CDE908519DED080B53ECC1
:1056B0001E2B51EC100B03F0B7F953EC1D2B03F02C
:1056C000B3F953EC1B2B03F083F89DED080B41EC71
:1056D0001D0B53EC102B9DED100B51EC100B02F039
:1056E000A7FE41EC1B0B53EC1A2B51EC1D0B02F0E7
:1056F0009FFE9DED080B41EC1A0B53EC102B51EC67
:105700001C0B02F095FE53EC1A2B02F095FA41ECBB
:105710001A0B51EC1B0B53EC1A2B02F08DFA0C9068
:10572000CDE90C519DED0C0B53EC1B2B51EC100BE8
:1057300003F07AF953EC1A2B03F04AF841EC1B0BF7
:105740009FED550B53EC102B9DED0C0B51EC100BFA
:1057500002F06EFE41EC1A0B9FED510B51EC1B0B4E
:1057600053EC102B02F064FE41EC1B0B9FED4E0B33
:1057700053EC102B9DED0C0B51EC100B02F058FE6E
:1057800053EC1B2B02F058FA41EC100B48487844BC
:1057900000EBC40090ED001B51EC100B53EC112BEF
:1057A00002F04AFA41EC1B0B384602F0E1FDCDE96C
:1057B000080153EC1B2B51EC1A0B02F03DFA41ECA3
:1057C000100B3C48784400EBC40090ED00CB51EC4A
:1057D000100B53EC1C2B02F02FFA9DED081B53EC21
:1057E000112B02F029FA0690CDE906519DED080B28
:1057F00053EC102B9DED060B51EC100B03F014F93C
:1058000053EC1C2B03F010F953EC1A2B03F00CF99A
:1058100053EC1B2B02F0DCFF41EC100B9DED261B23
:1058200053EC102B8DED001B00959DED260B51ECDC
:10583000100B02F0FDFD9DED000B41EC1A0B53EC3B
:10584000102B9DED260B51EC100B03F0EDF89DEDA8
:10585000061B53EC112B2FE0000000604715F73FAB
:10586000FE822B654715F73F44DF5DF80BAE543ED3
:1058700000000000000040438E9803007AB60B0041
:10588000324D0000604D00006A4C00000000000036
:105890000000000000000840000000E009C7EE3FE3
:1058A000FD033ADC09C7EE3FF5015B14E02F3EBE75
:1058B000F64A0000B04A000002F0BAFD53EC1A2B81
:1058C00002F0BAF99DED060B41EC1A0B53EC102BCC
:1058D0009DED000B51EC100B02F0AAFDCDE90C017F
:1058E0009DED0C0B51EC1A0B53EC102B02F0A4F9AC
:1058F000CDE902010C46AA498C422FDB611A08430C
:1059000018D19DED0C0B53EC102B9DED020B51ECBF
:10591000100B03F089F841EC1B0B9FEDA30B51EC2E
:105920001A0B53EC102B02F087F953EC1B2B02F0EF
:105930001EFF2DD20220FAF7EEFE00F051FA10EE13
:10594000901A18EE900A8DED020B8DED008B61F32D
:105950001E0003909DED020BFFF7BEBB944A24F09E
:105960000041914214D39349214408437FF4EFACA2
:105970009DED0C0B53EC102B9DED020B51EC100B1D
:1059800003F052F853EC1A2B02F0F1FE7FF6DFAC75
:1059900024F000408849894A002601EB20518242C8
:1059A0002BDA481C4FF4801121FA00F02044844A7D
:1059B000C0F30A517A44A1F2FF3192ED000B814A03
:1059C0008DED080BCA4020EA0202C0F3130040F438
:1059D0008010C1F1140120FA01F60992002CB8BF21
:1059E00076429DED080B53EC102B9DED0C0B51EC0A
:1059F000100B03F019F8CDE90C019DED0C0B51ECE7
:105A00001A0B53EC102B02F017F99FED6F0B089057
:105A1000CDE9085153EC102B9DED080B51EC100B08
:105A200002F006FD41EC1B0B9FED690B53EC102BB4
:105A30009DED080B51EC100B02F0FAFC9DED0C0BE8
:105A400041EC1C0B53EC102B9DED080B51EC100B93
:105A500002F0EAFF53EC1A2B02F0BAFE9FED5E1B38
:105A600053EC112B02F0E4FC53EC1C2B02F0E4F895
:105A700041EC1A0B51EC1B0B53EC1A2B02F0DCF827
:105A8000CDE902019DED020B53EC1B2B51EC100BE9
:105A900002F0CAFF53EC1A2B02F09AFE9DED020BA6
:105AA00041EC1A0B53EC102B51EC100B02F0C0FC24
:105AB000CDE908014A489DED080B0521784400F026
:105AC000D4F89DED081B51EC100B53EC112B02F098
:105AD000AFFC9DED021B53EC112B02F079FECDE9DA
:105AE00006019DED020B53EC1A2B51EC100B02F04A
:105AF0009FFC53EC1A2B02F09FF89FED3B0B41ECFF
:105B00001A0B53EC102B9DED060B51EC100B02F011
:105B10008BFF9DED060B41EC1B0B53EC102B9DED09
:105B2000020B51EC100B02F083FC53EC1B2B02F028
:105B3000C3F953EC1A2B02F077FF9DED021B53ECD7
:105B4000112B02F071FF53EC192B02F041FECDE94D
:105B5000020101EB065001150029C8BF039015DCB6
:105B60009DED020B324651EC100B03F071FCFEF779
:105B700081FF042808BF00F043F932469DED020B77
:105B800051EC100B03F064FCCDE902019DED020B1A
:105B900051EC180B53EC102B02F04AFCFFF73ABB08
:105BA0000000904000000000FE822B654715973CE6
:105BB00000CC904000346F3F01FCFFFF0000E03F4D
:105BC00038490000FFFF0F0000000000432EE63FB1
:105BD000396CA80C615C20BEEF39FAFE422EE63F1C
:105BE0000848000000000000000000000000004025
:105BF00000B52DED048BB0EE409AF0EE609A83B0C4
:105C000051EC190B02F00CFE41EC180B18EE100AC7
:105C100018EE901A8DED008B002818BF0120084364
:105C200020F00040C0F17F6000F1E040C00F14D0D0
:105C300019EE101A19EE900A8DED009B002918BF7D
:105C40000121084320F00040C0F17F6000F1E040F6
:105C5000C00F04BF0120FAF75EFDB0EE480A03B0A2
:105C6000F0EE680ABDEC048B00BD70B504462DED66
:105C7000028B4D1E00EBC500B0EE408AF0EE608A4C
:105C800090ED000B35F0060017D053EC182B51ECBB
:105C9000100B02F0CDFB41EC100B6D1E04EBC500A8
:105CA00090ED001B51EC100B53EC112B01F0C4FFD5
:105CB00041EC100B35F00600E7D1022D36D0042D53
:105CC0001CD0062D1CBFBDEC028B70BD53EC182BF5
:105CD00051EC100B02F0ACFB94ED0A1B53EC112BB2
:105CE00001F0AAFF53EC182B02F0A2FB94ED081B65
:105CF00053EC112B01F0A0FF41EC100B53EC182BCF
:105D000051EC100B02F094FB94ED061B53EC112B9D
:105D100001F092FF53EC182B02F08AFB94ED040B78
:105D200053EC102B01F088FF41EC100B53EC182BB7
:105D300051EC100B02F07CFB94ED021B53EC112B89
:105D400001F07AFF53EC182B02F072FB94ED001B6C
:105D500053EC112B01F070FFBDEC028B41EC100BEA
:105D600070BD0000000000009FED070B10B553EC64
:105D7000102B9FED070B51EC100B02F09DF841EC3E
:105D8000100B10BD0000000000000000000000002B
:105D9000000000000000F03F10B553EC102B51EC58
:105DA000100B01F049FF41EC100B10BD10B553EC86
:105DB000112B51EC100B01F03FFF41EC100B10BD0B
:105DC0009FED050B10B553EC102B51EC100B02F0AE
:105DD00073F841EC100B10BD000000000000000043
:105DE0009FED050B10B553EC102B51EC100B02F08E
:105DF0001FFB41EC100B10BD000000000000007004
:105E00009FED050B10B553EC102B51EC100B02F06D
:105E10000FFB41EC100B10BD000000000000001053
:105E2000B5EEC00AF1EE10FA01D2B1EE400ABDEEB5
:105E3000C00AB8EEC00A704710B541EC100BFEF76F
:105E400043FE51EC100B10BD70B58AB00024012543
:105E500003940E260494CDE90645CDE90856059431
:105E600000940194029469461548FBF73DF81448E4
:105E7000FBF774FB02211248FAF7B6FF0094CDE954
:105E80000645CDE9044608950194029469460D48FB
:105E90000394FBF729F80B48FBF760FB0221094844
:105EA000FAF7A2FF06480068416941F0020141612A
:105EB00004480068416941F0020141610AB070BDC7
:105EC000DC0300200404002070B5164D164C174E5C
:105ED000002000BF00EB800104EB400235F82110E8
:105EE00024F8101006EB8011401C0988C0B2118103
:105EF0000428EFD308210C48FCF708FE5FF00000EF
:105F000000EB800234F8101025F8221004EB400159
:105F100006EB8012401C0989C0B211800428EFD31F
:105F200070BD0000B66F00203C6D0020487000205E
:105F300038B50F4800210068026842680092C268C4
:105F400042F01002C2600A4C0A4A94F83E0020282F
:105F50000DD13223A262A38521642168A06B091DA3
:105F6000FBF7C4FC2068416941F04001416138BD44
:105F700070040020786D002082B0CDE9000121F08E
:105F8000004001909DED000B02B051EC100B7047EA
:105F9000FBF7F8FDFEF710F9FDF71CF8FCF78AFF98
:105FA000FCF744FFFCF764FFFDF742F8FDF75CF8EF
:105FB000FDF77CF8FCF7ACFF00F090F9FEE7014636
:105FC0000020842900D0C81C7047000000B5AC4BED
:105FD00000219FEDAC3ADFEDAC3A9FEDAC4ADFED2E
:105FE000AC4ADFEDAC2A00BFC1EBC10000EB800082
:105FF00003EB800202F14400B0EE432AF0EE631A94
:10600000B0EE621AF0EE440AB0EE640A00F06FFAE5
:106010001046B0EE432AF0EE631AB0EE621AF0EECC
:10602000620AB0EE040A00F062FA491CC9B20429FF
:10603000DAD3B0EE432AF0EE631AB0EE621AF0EE55
:10604000620AB0EE0C0A944800F051FAB0EE432A0E
:106050009FED923AF0EE431A9FED911AF0EE620A2C
:106060009FED900A8C48443000F041FA8E4A00219E
:10607000DFED8E4A9FED8E4ADFED8E3A01EB011087
:1060800002EB8000B0EE642AF0EE441AB0EE621A21
:10609000F0EE630AB2EE040A00F029FA491CC9B214
:1060A0000429EBD39FED845AB0EE452A9FED836A15
:1060B000B0EE621AF0EE630AF0EE461ADFED805A97
:1060C0008048B0EE650A00F012FAB0EE432ADFED28
:1060D0007E4A7C48B0EE621AF0EE641AF0EE620A74
:1060E000B6EE000A443800F002FA7648B0EE452ACF
:1060F000F0EE461AB0EE621AF0EE630AB0EE650AF0
:106100008C3000F0F4F96F48B0EE432AF0EE641AD8
:10611000B0EE621AF0EE620AB6EE000A483000F005
:10612000E6F95748B0EE452AF0EE461AB0EE621A8C
:10613000F0EE630AB0EE650AD43800F0D8F9614891
:10614000B0EE432AF0EE641AB0EE621AF0EE620A84
:10615000B6EE000AD43000F0CAF94948B0EE452A3C
:10616000F0EE461AB0EE621AF0EE630AB0EE650A7F
:10617000483800F0BCF94248B0EE432AF0EE641A09
:10618000B0EE621AF0EE620AB6EE000A8C3800F049
:10619000AEF9DFED4E3AB0EE443AB0EE621AB0EE30
:1061A000632AF0EE431AF0EE040A9FED494A49488B
:1061B000B0EE440A00F09BF94648B0EE642AF0EED7
:1061C000641AB0EE621AF0EE620AB3EE040A4438C2
:1061D00000F08DF93F48B0EE632AF0EE431AB0EEBE
:1061E000621AF0EE040AB0EE440A8C3000F07FF937
:1061F0003848B0EE642AF0EE641AB0EE621AF0EE9F
:10620000620AB3EE040A483000F071F9B0EE632A76
:10621000F0EE431AB0EE621AF0EE040AB0EE650A30
:106220002D4800F064F92C48B0EE642AF0EE641AB0
:10623000B0EE621AF0EE620AB2EE0E0A443800F0D6
:1062400056F92048B0EE632AF0EE431AB0EE621A17
:10625000F0EE040AB0EE650A8C3800F048F91E48EA
:10626000B0EE642AF0EE641AB0EE621AF0EE620A42
:10627000B2EE0E0A48305DF804EB00F038B90000C9
:10628000A868002000401C460060EA460AD7233C6C
:106290000000FA4300000000D86A002000007A44A1
:1062A000CDCC8C3FCDCCCC3E3863002000709446E2
:1062B0000000FA45CDCC4C3F00A00C4600007A45CA
:1062C00000004842BC6600200000FA4400606A46B4
:1062D000000070428C640020A465002010B500F01E
:1062E000CFFE002010BD38B5D0E9011204683AB1E4
:1062F000C3682BB100200090204600F0C8FF38BDD5
:106300002046BDE83840002200F0A0BF7FB50D4612
:1063100004464169B0F9080081B1A16971B1FFF784
:106320004EFED4E905128DE80700D4E900102B4693
:10633000226901F086F9039004B070BDFFF73FFEBB
:1063400003A9CDE90001208A2B4682B2D4E90010CE
:1063500001F04AF9012801D00020EDE70398EBE7AE
:1063600000B5F0EE412A014600F00DF891ED0D0A5E
:10637000F0EE620A01F1440000F005F891ED1E0A0A
:1063800081ED220A00BD80ED050AC0ED060A90ED00
:10639000071A70EE600A80ED081AC0ED070A90ED4A
:1063A000000A60EE201AC0ED0A1A90ED0B0A90ED7B
:1063B000012A02EE200A70EEC10A80ED0B0A90ED70
:1063C000021A20EE812A80ED0C2AD0ED030AB1EEEC
:1063D000601AB4EEC10AF1EE10FA02D8B0EE410A2A
:1063E00006E0B4EEE00AF1EE10FA01DBB0EE600A6E
:1063F00080ED0B0A31EE800A30EE020A80ED0D0AC4
:10640000D0ED040AB1EE601AB4EEC10AF1EE10FA52
:1064100002D8B0EE410A06E0B4EEE00AF1EE10FA5E
:1064200001DBB0EE600A80ED0D0A704710B580ED1B
:10643000050AC0ED060AFDEEE00ABDEEC00A0446FC
:1064400010EE901A10EE100AFAF7C2FB00EE100AD6
:10645000F8EEC00AC4ED070A94ED000A20EE202AE7
:1064600084ED0A2A94ED0B0A94ED011A01EE200A3C
:1064700084ED0B0A94ED081AD4ED021A30EEC11A1D
:1064800061EE212AC4ED0C2A94ED031AF1EE411AB3
:10649000B4EEE10AF1EE10FA02D8B0EE610A06E0BD
:1064A000B4EEC10AF1EE10FA01DBB0EE410A84ED60
:1064B0000B0A32EE000A30EE220A84ED0D0A94ED4A
:1064C000041AF1EE411AB4EEE10AF1EE10FA02D824
:1064D000B0EE610A06E0B4EEC10AF1EE10FA01DB9B
:1064E000B0EE410A84ED0D0AC4ED080A10BD80EC3F
:1064F000050A70472DE9F041184C0F460546E6683D
:106500002068001D00F008FC38B9206890F82C10B5
:1065100001208840216981432161681C07D137B17E
:106520002168BDE8F0410E48091D00F039BC206823
:106530003544B5424560216805D2A06BBDE8F04105
:10654000091D00F015BC606B091D00F011FCA06A6C
:10655000854200D2A562BDE8F08100003400002031
:106560003C0700202DE9F041054600F025FC2E4CAB
:10657000A068401CA06020682C4F10B1606940B337
:106580002DE02560A068012829D1002606EB8600B1
:1065900007EB800000F0DEFB761C072EF6D32348C5
:1065A0008C3000F0D7FB2148A03000F0D3FB1F480F
:1065B000B43000F0CFFB1D48C83000F0CBFB1B48C7
:1065C000DC3000F0C7FB19488C3060631430A063E6
:1065D00005E02068E96AC06A884200D82560606AE0
:1065E000401C6062E96A01202269884010432061F2
:1065F00001EB810007EB8000291D00F0D1FB00F0CA
:10660000FBFB606900280CD02068E96AC06A8842F8
:1066100007D207494FF080500860BFF34F8FBFF398
:106620006F8FBDE8F081000034000020600600207C
:1066300004ED00E030B4026C0B46002A0BD0C168B8
:106640001144C1608468A14201D30168C16030BCBB
:106650001846F9F798BF30BC70472DE9F041856BBB
:10666000174604460026026C82B1C7B1E068F9F70C
:106670008AFFE168206C091AE1602268914202D227
:10668000A168081AE060022F16D017E02068A8B9A8
:10669000A06801F07BF806460020A0600EE060686C
:1066A000F9F771FF216C606808446060A168884256
:1066B00004D32068606001E005B16D1E6D1CA56308
:1066C0003046BDE8F08110B5044690F8510058B14D
:1066D00001280CD002280FD0502080F31188BFF37E
:1066E0004F8FBFF36F8FFEE7206B00F099FB2046C2
:1066F000BDE8104000F094BB10BD00000F4845F607
:10670000A031420705D0C01D0C4A20F00700821AB4
:10671000891A0B4A00230144C2E900030839183AD8
:1067200021F0070111604B600B600B1AC0E90013E8
:1067300093604FF000405360506170475007002055
:1067400088000020144E154CA6F1C8074FF0805861
:10675000DFF84C9012E000BF00F02EFBF068C56837
:10676000281D00F0D9FAA068401EA0606068401E95
:10677000606000F041FB2846FFF7A5FF6068002835
:10678000EAD138680128F9D9C9F80080BFF34F8FE2
:10679000BFF36F8FF2E700002807002034000020CD
:1067A00004ED00E00346009829B10260C0E90F3112
:1067B000012100F09FBD0060F8E72DE9F0479A46FF
:1067C000DDE9098481466FF00303206B03EB82024D
:1067D0001044089E20F00707780707D0502080F368
:1067E0001188BFF34F8FBFF36F8FFEE7002561B1B4
:1067F000002023180A5C83F834200A5C12B1401C84
:106800001028F6D384F8435001E084F83450072E62
:1068100000D30626E662C4E91165201D00F0A5FA42
:1068200004F1180000F0A1FA2461C6F107006462C7
:10683000A061E56484F8505052464946384600F05D
:1068400005F92060B8F1000F01D0C8F80040BDE89C
:10685000F087000030B5114900E011460A68824215
:10686000FBD34B685C18844203D1406818444860ED
:10687000084643681C18944209D1084C183C246807
:10688000A24209D052681A4442600A681268026043
:10689000814200D0086030BD0460F9E78800002024
:1068A00010B5044600F088FAA06B28B15FF0000430
:1068B00000F0A2FA204610BD0124F9E70648416B1A
:1068C000096829B1416BC968C96849688162704724
:1068D0004FF0FF31FAE7000034000020084840681C
:1068E000401C4FF0500080F3118804D0BFF34F8F4D
:1068F000BFF36F8FFEE7BFF34F8FBFF36F8FFEE7DE
:10690000900000202DE9F041044600F055FA94F97A
:10691000455004F1240609E0606A48B1304600F0B1
:1069200081FF08B100F08EFB6D1E6DB2002DF3DC0F
:106930004FF0FF3684F8456000F05EFA00F03CFA54
:1069400094F9445004F1100709E0206948B1384631
:1069500000F068FF08B100F075FB6D1E6DB2002DF0
:10696000F3DC84F84460BDE8F04100F045BA000073
:106970002DE9F0410546002700F0B8FB324E3068A3
:1069800008B9FFF7BBFE706905424ED1C5B30835A3
:1069900068070ED005F00700C0F10800054468073D
:1069A00007D0502080F31188BFF34F8FBFF36F8F54
:1069B000FEE72DB37068854237D82348183001466A
:1069C0000C6801E020460C466168A94202D22168A9
:1069D0000029F7D131688C4227D00768216801600F
:1069E00060680837411B10290FD96019420708D089
:1069F000502080F31188BFF34F8FBFF36F8FFEE7F6
:106A000013E041606560FFF725FF61687068401A18
:106A10007060B268904200D2B0607069014300209B
:106A2000C4E90001F068401CF06000F035FF780711
:106A300007D0502080F31188BFF34F8FBFF36F8FC3
:106A4000FEE73846BDE8F0817000002010B5031F56
:106A50004FF080741C601B1F21F001011960191F89
:106A6000044B0B6014390A60091F6FF002024438AE
:106A70000A6010BDDD680008F0B40A88C2F30A0598
:106A8000A5F5806545824A788B78D20842EA4312A0
:106A9000C2F30A04A4F5806484828A78CB789209D0
:106AA00042EA83020B796D1D42EA8322C2F30A0394
:106AB000A3F58063C3820A794E79520842EAC6126E
:106AC000C2F30A02A2F5806202830E8AC6F30A06A6
:106AD000A6F580668683CE88C6830E8906844E8995
:106AE00046840E7B80F824604E7B80F82560CE893A
:106AF000C68400260A2D00D84682641D0A2C00D8C0
:106B000086825B1D0A2B00D8C682521D0A2A00D835
:106B100006834A79920982764979C1F30111C176D7
:106B2000018D491C0185B0F912204FF4A56102F5D1
:106B300025728A4211D8B0F9142002F525728A42D2
:106B40000BD8B0F9162002F525728A4205D8B0F9A3
:106B5000182002F525728A4203D9F0BC2C21F9F7DE
:106B600089BDF0BC704730B589B04FF400750C9CFE
:106B70000295002504950595082506950D0A8DF8C2
:106B800000508DF80110110A8DF80210190A8DF8C5
:106B900004108DF80530210A8DF806108DF80320B9
:106BA0008DF8074001236A4602A9FAF72FF909B0C8
:106BB00030BD30B589B04FF400750C9C02950025AE
:106BC00004950595082506950D0A8DF800508DF859
:106BD0000110110A8DF80210190A8DF804108DF8B1
:106BE0000530210A8DF806108DF803208DF8074036
:106BF00001236A4602A9FAF709F909B030BD30B598
:106C000089B040F2FF150C9C02950025049505956E
:106C1000082506950D0A8DF800508DF80110110A0F
:106C20008DF80210190A8DF804108DF80530210A2C
:106C30008DF806108DF803208DF8074001236A4671
:106C400002A9FAF7E3F809B030BD00B52DED048BC9
:106C500083B041EC190B01F0E3FD41EC180B18EE89
:106C6000100A18EE901A8DED008B002818BF012035
:106C7000084320F00040C0F17F6000F1E040C00F09
:106C800014D019EE101A19EE900A8DED009B002910
:106C900018BF0121084320F00040C0F17F6000F1DF
:106CA000E040C00F04BF0120F9F735FD51EC180B8F
:106CB00003B0BDEC048B00BD38B501680A68D2068C
:106CC00024D5CA68D20621D50446086848680090D1
:106CD0000F4884421AD1A06B0068016821F00101BD
:106CE0000160A06B0068406880B2202804D1094987
:106CF000A1F12C00FFF7C0FEA16B322009684860AB
:106D0000A06B0068016841F00101016038BD00001E
:106D100070040020786D0020D0E9013201699A608A
:106D2000D0E901235A604A68824201D182684A60F0
:106D3000002202610868401E086008687047000071
:106D4000034B036003F1540008608020106070471B
:106D50008801002000F108014FF0FF32C0E9011264
:106D6000C16001610021016070470021016170472D
:106D700030B50B685A1C02D000F1080202E002692B
:106D800004E02246546825689D42FAD953684B6056
:106D900099608A60516008610168491C016030BDDA
:106DA00042684A6093688B6093685960916008619B
:106DB0000168491C01607047502080F31188BFF3BF
:106DC0004F8FBFF36F8F0A494868401C4860012805
:106DD0000CD10848006810F0FF0F07D0502080F356
:106DE0001188BFF34F8FBFF36F8FFEE7704700002E
:106DF0009000002004ED00E00849486828B1401EDA
:106E0000486001D180F311887047502080F31188C9
:106E1000BFF34F8FBFF36F8FFEE70000900000209D
:106E200070B500282AD0164DA0F108046068696981
:106E3000084207D1502080F31188BFF34F8FBFF372
:106E40006F8FFEE722683AB1502080F31188BFF3BC
:106E50004F8FBFF36F8FFEE78843606000F046F905
:106E600060686968084468602046FFF7F3FC286999
:106E7000401C2861BDE8704000F00EBD70BD0000F0
:106E8000700000204FF0E020002101618161054980
:106E90004FF47A720968B1FBF2F1491E4161072192
:106EA000016170473000002010B5F9F74BFA114925
:106EB00010280ED300F1E02090F8F0030A789042F9
:106EC00007D2502080F31188BFF34F8FBFF36F8F2D
:106ED000FEE709480068896800F4E060884207D945
:106EE000502080F31188BFF34F8FBFF36F8FFEE701
:106EF00010BD0000900000200CED00E070B50D46C4
:106F000004000BD095B11E4A106BB8B1502080F32D
:106F10001188BFF34F8FBFF36F8FFEE7502080F3D0
:106F20001188BFF34F8FBFF36F8FFEE7502080F3C0
:106F30001188BFF34F8FBFF36F8FFEE700F0D6F8D5
:106F4000D26823685919934204D98B420AD99142D5
:106F500002D807E08B42FAD9881A21600021FFF796
:106F6000C9FA00E0216000F097FC002807D105492C
:106F70004FF080500860BFF34F8FBFF36F8F70BD2D
:106F80003400002004ED00E070B50546FFF714FF63
:106F9000254C05B92568281DFFF7BEFE58B9E86ADB
:106FA000224A00EB800152F8211021B901218140D1
:106FB000206988432061A86A18B105F11800FFF71D
:106FC000ABFE606A401C60622068854208D11748A9
:106FD000291DC830FFF7E4FE6068401C606007E0D0
:106FE000A068401EA0602846FFF76DFBFFF766FC17
:106FF000FFF702FF6069002814D02068854211D194
:10700000206B38B1502080F31188BFF34F8FBFF34E
:107010006F8FFEE706494FF080500860BFF34F8F37
:10702000BFF36F8F70BD00003400002060060020A9
:1070300004ED00E002490A6A0260C96841607047D5
:107040003400002001490120C8617047340000204D
:1070500010B50C4650B1094909681831FFF788FE90
:107060002046BDE810400121FFF744BA502080F3CC
:107070001188BFF34F8FBFF36F8FFEE734000020FE
:1070800010B586B00024039405AA04A903A80494AB
:10709000FFF756FEDDE903010094CDE9011000235E
:1070A0000EA11048059A00F0CCFA0F490028C862DA
:1070B00011D0502080F31188BFF34F8FBFF36F8F33
:1070C0004FF0FF30886201204861CC6006B0BDE817
:1070D000104000F041B806B010BD000049444C45D6
:1070E0000000000045670008340000200248016BE2
:1070F000491C016370470000340000201448016BF4
:1071000011B10121C16170470021C1610169B1FA6A
:1071100081F1C1F11F0101EB81020E4951F82230CA
:107120006BB101EB820101F108034A6852684A60C1
:107130009A4201D152684A60D1680160704750207C
:1071400080F31188BFF34F8FBFF36F8FFEE700000E
:1071500034000020600600201CB537480168374A1B
:10716000914207D1502080F31188BFF34F8FBFF3B6
:107170006F8FFEE700683149491E884207D15020D1
:1071800080F31188BFF34F8FBFF36F8FFEE72C4959
:1071900008780190FF20087008788DF800009DF8AD
:1071A00000009DF8002000F0F000904207D0502031
:1071B00080F31188BFF34F8FBFF36F8FFEE79DF809
:1071C0000000204C00F0500020700720A06005E077
:1071D0009DF8002052008DF80020401E9DF80020F0
:1071E0001206F5D4A060032807D0502080F3118840
:1071F000BFF34F8FBFF36F8FFEE74FF44070A06077
:10720000019808700C482030016841F47001016059
:10721000016841F070410160FFF734FE00206060BA
:10722000F9F758F80848016841F040410160F9F762
:107230003DF800201CBD000000ED00E071C20F41D0
:1072400000E400E09000002034EF00E0F8B51746BD
:107250000E46050013D005FB06F04830FFF788FB0B
:1072600004000AD0002084F8460004F148023B469E
:10727000314628460094FFF795FA2046F8BD502085
:1072800080F31188BFF34F8FBFF36F8FFEE738B5E0
:10729000049D18B153B1CAB181B120E0502080F3F0
:1072A0001188BFF34F8FBFF36F8FFEE7502080F33D
:1072B0001188BFF34F8FBFF36F8FFEE7502080F32D
:1072C0001188BFF34F8FBFF36F8FFEE739B15020A6
:1072D00080F31188BFF34F8FBFF36F8FFEE7482411
:1072E0001C46012384F846302B460094FFF75AFAD7
:1072F000204638BD70B50D46040025D0FFF75CFD73
:10730000D4E90F20216802FB0011A1600021A163D4
:10731000216861600A46D4E90F01401E00FB01218B
:10732000E16021464FF0FF3001F8440F487004F14E
:1073300010008DB1FFF70EFD04F12400FFF70AFDE8
:10734000FFF75AFD012070BD502080F31188BFF374
:107350004F8FBFF36F8FFEE721690029F0D000F057
:1073600061FA0028ECD004494FF080500860BFF368
:107370004F8FBFF36F8FE3E704ED00E02DE9F04797
:107380001F4690468946040003D0B9F1000F08D08B
:1073900011E0502080F31188BFF34F8FBFF36F8F40
:1073A000FEE7206C38B1502080F31188BFF34F8F77
:1073B000BFF36F8FFEE7022F0AD1E06B012807D0E1
:1073C000502080F31188BFF34F8FBFF36F8FFEE71C
:1073D000FFF76AFD5020EFF3118680F31188BFF3A9
:1073E0004F8FBFF36F8FA06BE16B884206D3022FE4
:1073F00004D0002086F31188BDE8F08794F9455049
:10740000A06B3A4649462046FFF727F9681C04D08E
:107410006D1C84F845500120ECE7606A0028FAD022
:1074200004F1240000F0FEF90028F4D0B8F1000FB8
:10743000F1D00121C8F80010EDE700002DE9F74771
:10744000002683B08A46040003D0BAF1000F08D0AA
:1074500011E0502080F31188BFF34F8FBFF36F8F7F
:10746000FEE7206C38B1502080F31188BFF34F8FB6
:10747000BFF36F8FFEE700F00FF9DFF8F4804FF0F5
:1074800000094FF0805748B9059838B1502080F373
:107490001188BFF34F8FBFF36F8FFEE7FFF78CFCB0
:1074A000A56BC5B151462046FFF7C4F86D1EA56314
:1074B000206950B104F1100000F0B4F928B1C8F807
:1074C0000070BFF34F8FBFF36F8FFFF795FC012064
:1074D00006B0BDE8F087059808B11EB106E0FFF7D9
:1074E0008BFC27E06846FFF7A5FD0126FFF784FC2B
:1074F000FFF7FCFDFFF760FC94F94400401C01D14C
:1075000084F8449094F94500401C01D184F84590DA
:10751000FFF772FC05A9684600F02CF80028204609
:107520000AD0FFF7EFF900F0B7F92046FFF7B8F9F6
:107530000028B3D00020CBE7FFF7B2F990B104F1F7
:1075400024000599FFF784FD2046FFF7DBF900F0E2
:10755000A3F90028A2D1C8F80070BFF34F8FBFF382
:107560006F8F9BE72046FFF7CDF900F095F995E77F
:1075700004ED00E02DE9F0410C46050011D0C4B146
:10758000FFF71AFC174BDA686E682068911B471CDE
:1075900017D02F681B6A9F4219D0964217D8012432
:1075A00010E0502080F31188BFF34F8FBFF36F8F2F
:1075B000FEE7502080F31188BFF34F8FBFF36F8F2A
:1075C000FEE70024FFF718FC2046BDE8F081884262
:1075D00005D9401A20602846FFF72CFDF1E700206E
:1075E0002060DCE7340000202DE9FF5F8346DDE901
:1075F0000E87994616468A469000FFF7B9F90500AE
:107600001CD05420FFF7B4F9040014D000202563E7
:1076100084F85100CDE90240CDE900874B4632465F
:1076200051465846FFF7C9F82046FEF79BFF012058
:1076300004B0BDE8F09F2846FFF7F2FB4FF0FF30A3
:10764000F6E7F0B585B0DDE90B640A9DA6B1DCB1C3
:10765000542700972663022684F85160002604AF61
:10766000CDE90246CDE90057FFF7A7F82046FEF71F
:1076700079FF049805B0F0BD502080F31188BFF366
:107680004F8FBFF36F8FFEE7502080F31188BFF359
:107690004F8FBFF36F8FFEE70548416919B1006B4B
:1076A00018B1002070470120704702207047000089
:1076B000340000200148C0687047000034000020FA
:1076C0002DE9F0412F4C0026206B28B1A069401C09
:1076D000A0613046BDE8F081E5686D1CE56013D11E
:1076E000606B006838B1502080F31188BFF34F8F72
:1076F000BFF36F8FFEE7606BA16B6163A063206ACD
:10770000401C2062FFF7DAF8A06ADFF87C8085422F
:1077100009D3606B0068A0B1606BC068C768786807
:10772000854211D2A0622068C06A00EB800158F83F
:107730002100012800D90126E0690028C9D00126CE
:10774000C7E74FF0FF30EDE7381DFFF7E5FAB86AFD
:1077500018B107F11800FFF7DFFAF96A0120226972
:1077600088401043206101EB810108EB8100391D45
:10777000FFF716FBF86A2168C96A8842C9D3012657
:10778000C7E70000340000206006002070B5040048
:107790004FF0000140D0214D2868844207D050208E
:1077A00080F31188BFF34F8FBFF36F8FFEE7A06C9C
:1077B00038B1401EA064636CE26A9A422CD040B19A
:1077C0002AE0502080F31188BFF34F8FBFF36F8FF3
:1077D000FEE7201DFFF7A0FA114A012150B9E06A27
:1077E00000EB800352F8233023B92B6901FA00F033
:1077F00083432B61606CE062C0F10700A061E06A26
:107800002B6981401943296100EB800002EB800065
:10781000211DFFF7C5FA0121084670BD3400002084
:10782000600600202DE9F041C068C468ACB104F1E5
:1078300018000746FFF770FA154D286B0126A0B116
:1078400039461448FFF7ACFAE06A2968C96A8842E9
:107850001CD90120EE61BDE8F081502080F3118831
:10786000BFF34F8FBFF36F8FFEE7201DFFF754FA72
:10787000E16A2A6906FA01F01043286101EB8100F0
:107880000449B43901EB8000211DDBE70020E2E769
:1078900034000020140700202DE9F0472C4D00246F
:1078A0002746286B38B1FFF787FA286B401E2863FC
:1078B000286B40B146E0502080F31188BFF34F8F12
:1078C000BFF36F8FFEE7A968224E0120D1B3A6F166
:1078D000B40980463068E8B1F068C46804F1180063
:1078E000FFF71AFA201DFFF717FAE06A2A6908FA6B
:1078F00000F11143296100EB800109EB8100211D9A
:10790000FFF74EFAE06A2968C96A8842E2D3C5F8EF
:107910001C80DFE70CB1FEF7D1FFAC6944B14646ED
:10792000FFF7CEFE00B1EE61641EF9D10020A86120
:10793000E86938B10849012738070860BFF34F8F5D
:10794000BFF36F8FFFF758FA3846BDE8F0870000A5
:10795000340000201407002004ED00E081F0004115
:10796000704780F00040704721F00041704720F0E0
:107970000040704721F00042A2F16052B2F5801F32
:1079800001F0004328BFD2F17E6C51D9F1EE10CA4C
:107990001CF4400F14D15FEAC00C43EAC20202EBB0
:1079A000507008BF70475FEA4C0C40F10000DFF8F0
:1079B00080C241F0458228BF20F0010001F040BAAA
:1079C000C30001F0004343EAC20202EB507008BF5B
:1079D00070471B4248BF4FEA4C0C1CF4000F08BF15
:1079E000401CDFF84CC201F02BBAC30001F0004389
:1079F00043EAC20202EB507204BF104670471B42BA
:107A000048BF4FEA4C0C1CF4000FDFF824C218BF2B
:107A1000104641F0158208BF521C12F4000F08BF37
:107A2000104601F00D8221F0004201F0004330E0E9
:107A300050EA410C04BF084670475FEA125CBCF193
:107A4000FE0F1ED1F1EE10CA1CF4400FCDD15FEA3B
:107A5000C00C9BD05FEA001C4FEAC20C4CEB507C80
:107A600004BFC2002CEAD27C1CF4000F04BF4CEA15
:107A70000300DFF8BCC101F0E38121F00042A2F174
:107A80006052B2F5801F4FEA410C2ADB1CF5001F43
:107A900016D2F1EE10CA1CF4806F06D02CF0005CF8
:107AA0004CF0805CA1F140612AE04FF07F40DFF8AC
:107AB00084C143EA500001F0C3B9084601F071BB2C
:107AC00070B500F095FD00BF000000B9880000040B
:107AD000FFF7F3BF21F0704243EA507040EAC20062
:107AE0007047F1EE10CA2CF0805C4CF0005C1CF486
:107AF000006F25D04B00B3F5001F51D301F1406159
:107B00001CF4400F40F07E800CF0405CC3004CF051
:107B1000880C11D05CF0404C10F0805F0CD0034614
:107B200010F1005041F10001020108BF20F00050A7
:107B3000834218BF2CF0004C00F0604001F012BDF1
:107B40001CF4400F1AD01B4248BF4FEA4C0C1CF4E7
:107B5000000F13D112F1406248BF22F07F424FEA7A
:107B6000C00CBCF1010F43EAC20242EB50704FF06F
:107B7000880228BF42F0804201F018BB12F1406237
:107B800048BF22F07F425FEAC00C43EAC20242EAE9
:107B900050704FF0880218BF42F0404201F006BB1F
:107BA00001F0004321F00041094214D0B1FA81FCF8
:107BB000ACF10B0CCCF1200201FA0CF120FA02F22C
:107BC00041EA02014FEA0C5200FA0CF0A1EB02016B
:107BD00081EA03010FE0B0FA80F200FA02F002F14C
:107BE00015024FEAD0214FEA0252A1EB02014FEAFF
:107BF000405081EA0301F1EE10CA2CF0805C4CF099
:107C0000005C7BE762460CF0405CC3004CF0880CE3
:107C100092D05CF0404C094248BF520012F4000F71
:107C20008AD110F1005041F100012CF0004C83D1B9
:107C3000880000408800001010B5DFF840E211F520
:107C4000801C13F580141EEA4C0F18BF1EEA440F67
:107C500000F0C88091EA030F48BF83F0004300F1B1
:107C6000F886841A71EB030C05D2121943EB0C034E
:107C7000001B61EB0C014FEA1154A4EB135C23EAE7
:107C80006E0321EA045143F48013DCF1200E53D338
:107C900022FA0CFE10EB0E0023FA0CFE41EB0E0153
:107CA000CCF1200E03FA0EFE10EB0E0051F1000194
:107CB000B1F5801FCCF1200E53D201EB045112FA22
:107CC0000EF2BDE8104008BF7047F1EE10CA1CF478
:107CD000400F1ED14FF0110C92F0000F4CF0804C71
:107CE00041F1AE80401C38BF5FEA420241F0A880FB
:107CF000002814BF20F0010041F100014FEA4103C8
:107D000013F5001F24BF4CF0805CA1F1C04101F0CD
:107D100097B811F0004F54BF1CF4000F1CF4800FF3
:107D20004FF0110C4CF0804C41F08A80401CC1F0A7
:107D3000878041F10001E1E7012A43EB0302ACF146
:107D4000200CDCF11F0E32BF4FF0000E23FA0CF3B3
:107D500010EB030041EB0451B4EB115FAFD0A1EB8A
:107D6000045101F5801149085FEA300002FA0EF271
:107D700042EA420201EB04515FEA320213D0BDE84D
:107D80001040F1EE10CA1CF4400F1AD14FF0110C44
:107D900092F0000F4CF0804CB0D5401C38BF5FEA29
:107DA0004202ABD1A4E7BDE810404FEA410313F50E
:107DB000001F38BF7047DFF8C8C0A1F1C04101F013
:107DC0003FB811F0004F54BF1CF4000F1CF4800F9B
:107DD0004FF0110C4CF0804C90D1401C8ED341F1EF
:107DE00000018BE74EF4001E3EEA410418BF3EEA54
:107DF000430439D091EA030F48BF83F0004300F1F8
:107E00002387841A71EB030C05D2121943EB0C0380
:107E1000001B61EB0C0152EA430E4FEA1154A4EB34
:107E2000135C13D05FEA445E21EA04511CBF23F0C7
:107E30000043ACF1010C7FF428AFBDE810404FF0D7
:107E4000110C801841EB030100F0E5BE5FEA445ECF
:107E5000BDE8104018BF704750EA410C08BF70479A
:107E60004FF0110C00F0D7BEBDE8104070B500F027
:107E7000BFFB00BF64FBBE3E110000040000C0FF5A
:107E80001100001011F4002F08BF4CF4804C00F0DA
:107E9000D7870CF04F02482A41F0808200F0D0BF13
:107EA000491058BFC1F140415B1058BFC3F1404376
:107EB0008B42EFF3008070472DE9C04130B4DFF80A
:107EC00064C33CEA111418BF3CEA131400F04B8160
:107ED00081EA03051CEA111444EAD57418BF1CEAB0
:107EE000131500F01D81A4EB05044FF0004545EA91
:107EF000C12145EAC32341EA505143EA525304F1F8
:107F00007F74994204F500344FEAC0204FEAC22240
:107F100008BF904200F0D0804FEA13650FF20426AC
:107F2000765D4FEA134506FB05F7C7F1807706FB40
:107F300007F74FEAD737A7FB03687642C8F58038C2
:107F4000A7FB06CE38BFA8F1010807FB08E64FF0F3
:107F5000000EA6FB028CE6FB03CEDCF1000CCEF19A
:107F6000004E38BFAEF1010EA6FB0C584FF00007D3
:107F70004FF00005E6FB0E87A1FB08C6A0FB07CE6D
:107F800016EB0E0645F10005E1FB076515F1E04E25
:107F90007EBFA4F580345FEA46066D4116F1800786
:107FA000F1EE10CA45F100054FEA172747EA0567C9
:107FB0001CF4400F4FEA152536D14FEA4666A6F16C
:107FC0005E46B6F1085F2FD9B4F1FE6F2CD8384663
:107FD00024F0010C05EBC471BCF1FE6F01EB0C1138
:107FE000DFF844C202D8F0BCBDE8004140F2288767
:107FF00024425CBF01F5801E9EEAC47F02D4F0BC1F
:10800000BDE8004140F11C87244277D4DFF81CC250
:1080100056EA080EA1F1C04118BF4CF0804CF0BCEC
:10802000BDE8004100F00CBF4FEAD22242EA4352C1
:108030004FEAD323A7FB02864FEAD02040EA415003
:1080400007FB03661EEA0E0F4FEAD12105FB02660D
:1080500058BFA6EB0056B6EB00564FEA520E4EEA5A
:10806000C37E18EB0E0E56EB530E05D518EB020827
:108070005E417F1C55F1000556EA080E24D01CF421
:10808000400FA4D014F0010F18BF4FEA4C0C1CF4A1
:10809000000F08D036429AD4B8EB02089E417F1EEA
:1080A00075F1000593E7364291D518EB02085E4161
:1080B0007F1C55F100058AE74FF480154FF000074B
:1080C0004FF000064FF0000824F0010C384605EB95
:1080D000C471BCF1FE6F01EB0C1102D8F0BCBDE81D
:1080E00000811CEA0C0F5CBF01F5801E9EEAC47F74
:1080F00002D4F0BCBDE80081244287D556EA080CC2
:1081000001F1C0411CBF06F0004C4CF0804C4CF01B
:10811000005CF0BC4CF0140CBDE8004100F0D2BD96
:1081200050EA410E0CEA13150BD052EA430E13D05D
:1081300000F0DFFA641B86EA4606240444EAD6749B
:10814000D3E652EA430E00F02680F0BC81EA030138
:1081500001F00041BDE80081F0BCBDE80041DFF85E
:10816000D0C000F06DBEF0BCBDE8004170B500F0BD
:108170003FFA00BF097EFC3E1400000400F007B87F
:1081800081EA03014FF0000001F00041704781EAED
:10819000030100F0E6BAF0BCBDE800415FF828C07A
:1081A00000F04EBEFFFDFBF9F7F5F4F2F0EEEDEB5B
:1081B000E9E8E6E4E3E1E0DEDDDBDAD8D7D5D4D3E5
:1081C000D1D0CFCDCCCBCAC8C7C6C5C4C2C1C0BF31
:1081D000BEBDBCBBBAB9B8B7B6B5B4B3B2B1B0AF37
:1081E000AEADACABAAA9A8A8A7A6A5A4A3A3A2A11B
:1081F000A09F9F9E9D9C9C9B9A99999897979695D6
:1082000095949393929191908F8F8E8E8D8C8C8B71
:108210008B8A8989888887878685858484838382F9
:10822000828181800000FF071400004014000010CC
:108230001400000851EA030C11D41CF5801F00F152
:108240000680994218BF704708BF9042704711F5E9
:10825000801F58BF13F5801F18D4994270471CF532
:10826000801F09D550EA410C0EBF52EA430C8B42E5
:10827000704708BF824270474FF4001C1CEB410F4F
:1082800038BF1CEB430F01D28B42704770B500F032
:10829000AFF900BF92244938190012044FF0005181
:1082A0004FF08053FFF7FCBD4FEA410380B54FEA22
:1082B0005353A3F58063D3F11E03C8BFD3F1210C40
:1082C0001FDD4FF0004242EAC12242EA505232FA28
:1082D00003FC62FA03F787EA0C0757EAC0270BD0C2
:1082E00032FA03FC8CEAE17CACEBE170BDE8804043
:1082F000DFF874C000F0A4BD8CEAE17CACEBE17067
:1083000080BD50EA410C00D180BD102B07DD4FF03D
:108310000000BDE88040DFF850C000F091BD03F5DB
:10832000787CBCF1FF3F14D0002B02BF7FEA210C08
:108330005FEA013C5FEA505C05D100284FF0004045
:10834000D4D100D180BDBDE88040DFF820C000F06E
:1083500077BDBDE8804070B500F04AF9000000BF6D
:10836000C800030480B5DFE7C8000240C80002046B
:1083700010F0004248BF4042B0FA80F310FA03F117
:108380000AD0C3F11D0303F580634FEA415002EBAD
:10839000035202EBD12170474FF000007047B1FA51
:1083A00081F201FA02F1C2F11D024FEA415003EBE2
:1083B000025303EBD121704751EA030C11D41CF591
:1083C000801F00F10680994218BF704708BF904295
:1083D000704711F5801F58BF13F5801F18D49942BC
:1083E00070471CF5801F09D550EA410C0EBF52EAB8
:1083F000430C8B42704708BF824270474FF4001C09
:108400001CEB410F38BF1CEB430F01D28B4270476E
:1084100070B500F0EDF800BF0000003F1900160431
:10842000FFF73EBD4FF000514FF08053FFF738BDCE
:10843000DFF8B4C170B51CEA111E1EBF1CEA13158B
:108440009EEA0C0F95EA0C0F00F0948081EA030479
:1084500021EA4C114EEAD47E23EA4C13AE4441F497
:10846000801143F48013A1FB024CA0FB0365AEF125
:108470007F7E361955EB0C05A1FB034C4CF1000334
:10848000A0FB021C16EB0C06654153F100030942E8
:1084900018BF46F0010613F4007F0BD14FEA0331F9
:1084A0004FEA0530340341EA155140EA16506FF0A7
:1084B00003020AE04FEAC3214FEAC520F40241EA71
:1084C000555140EA56506FF00202264602EB2E420A
:1084D00001EB025585EACE7127D0F1EE10CA0546B0
:1084E0001CF4400C14D15FEA440C18BF24F0004483
:1084F00050F1000041F1000120EAD47040F2FD7C0F
:10850000624517D2BDE87040DFF8E0C000F098BCCB
:108510005FEACE7454BF1CF4000F1CF4800F08BF38
:1085200010F1010041F10001E8E740F2FE7C6245F4
:1085300004D270BD08BF11F4801FE3D0A84214BF5D
:108540004FF080444FF04044002E08BF0024BEF19D
:10855000806FD8BF01F1C041A8BFA1F1C04144F074
:10856000130CA8BF4CF0805CBDE8704040F3AA83B8
:1085700000F066BC9EEA0C0F0CEA131518BF95EAD2
:108580000C0F19D091EA030F48BF4EF0010E50EACC
:10859000410418BF52EA430409D000F0AAF8641954
:1085A00086EA46064FEA044E4EEAD67E5BE74FEA7D
:1085B000CE714FF0000070BD00F01AF88900013E46
:1085C0001300000400F005B800F007B852EA430CAD
:1085D00006D081EA030100F0C4B850EA410CF8D19A
:1085E0005FF824C000F02CBC0000FF07130000401F
:1085F0000EF1020E2EF0030E01285EF8086B41EB1F
:10860000010414F5001418BFB4F5801F23D33642BB
:1086100008D4012A43EB030515F5001518BFB5F57D
:10862000801F18D301EB010C1CF5801F16D23642B7
:1086300004D403EB030C1CF5801F0FD2002C10D1C7
:108640004FEAD17C002D0CEB4C0C0CF1020C08BF56
:108650004CEBD37C07E04FF0090C04E04FF0080C22
:1086600001E04FEAD37C0CEB4C0526FA05F606F048
:108670000706B6F1040C06D20EEB860CBDE870407E
:108680004CF0010C6047DFE80CF0222413025EF886
:1086900004CC1B2D08D1002C88BFB4F5801F34BF3B
:1086A0004CF4804C4CF4004CBDE8704000F0C8BB6A
:1086B000002C88BFB4F5001F24BF1946104670BDBA
:1086C0004FF000004FF00041A1F5002170BD1946A8
:1086D0001046012851EB010418BFD4F5001484BFE3
:1086E0005EF804CC2CF0806CBDE8704000F287830B
:1086F000704780B54FF003065C004FEA03334FEA42
:108700003606640D4FEA133318BF43F480131CD1AF
:1087100053EA125E04F1010402BF13460022203C1A
:108720001B4202BF130B1205143CB3FA83FEAEF1D9
:108730000B0ECEF1200C03FA0EF322FA0CFC02FA17
:108740000EF2A4EB0E0443EA0C030FB416F0010F73
:108750000CBC03BC18BF2546CED180BD80B5012618
:10876000F3E70808A0F500114FEA3101704753EA1A
:10877000010C11D41CF5801F00F106808B4218BF3C
:10878000704708BF8242704713F5801F58BF11F52C
:10879000801F18D48B4270471CF5801F09D552EA00
:1087A000430C0EBF50EA410C9942704708BF9042FB
:1087B00070474FF4001C1CEB430F38BF1CEB410FFC
:1087C00001D2994270470FB40CBC03BCFFF720BE26
:1087D00010B5DFF848E011F5801C13F580141EEA8F
:1087E0004C0F18BF1EEA440F09D091EA030F81F025
:1087F00000413FF536AA83F0004300F02AB981EA30
:10880000030180EA020083EA010382EA000281EAAE
:10881000030180EA020000F008BA00BF0000C0FFB8
:108820002DE9F04101F5801CBCF5001FC0F2DC8091
:108830004FEA115C21EA0C5141F480110CF1FD0C5E
:108840005FEA5C0C0CF5C07C01D34000494135A4C3
:10885000890241EA905187028E0E0A0CA45D04FB46
:1088600004F602FB06F6C6F14046A4FB0662F60DCE
:1088700046EA422606FB06F4A4FB01235242C3F15A
:10888000404338BF5B1EA6FB02420024E6FB0324E4
:10889000D20B42EA4446A6FB0623A1FB02E2A3FB5D
:1088A00007E4E3FB61426442C2F1404E38BFAEF1DF
:1088B000010EA6FB04234FF00002E6FB0E32A2FBE2
:1088C00003463400E2FB6264A1FB06E6A4FB07E872
:1088D000E4FB61687642C8F1405838BFA8F101084E
:1088E000A2FB06E4A3FB08E5E2FB6854A1FB05E656
:1088F000A7FB04E8E1FB648618F12005F1EE104ABD
:1089000056F10006A809B10914F4400F40EA866048
:1089100028D1A8F11B0808F01F08B8F10A0F21D9C7
:10892000BDE8F04101EB0C514FF0170C4CF0804CBE
:1089300000F086BAFCF5EEE8E2DDD8D3CFCBC7C3B2
:10894000C0BDB9B6B4B1AEACA9A7A5A3A19F9D9B6C
:108950009A9896959392908F8D8C8B89888786852F
:1089600084838281A0FB006800FB01F208EB4208CF
:10897000B8EB872858EA060215D014F4400F16D138
:1089800018EA080F07D5341858EB0104C8D5401C65
:1089900051F10001C4E7341A78EB0104C0D4401E41
:1089A00071F10001BCE701EB0C51BDE8F08114F45A
:1089B000000F0CD118EA080FB2D5361858EB010891
:1089C000401C51F10001361858EB0108F2E718EA93
:1089D000080FA5D4361A78EB0108401E71F100018A
:1089E000361A78EB0108F2E75FEA4C0C5FEA9C5C10
:1089F00014D10AD350EA013C01D1BDE8F08109420B
:108A00000CD4FFF7ABFEA44618E7BDE8F04170B503
:108A1000FFF7EEFD6DDBFFBE17000004BDE8F0417F
:108A20005FF80CC000F00CBA10B5DFF894E211F555
:108A3000801C13F580141EEA4C0F18BF1EEA440F69
:108A400000F0F38091EA030F48BF83F000433FF545
:108A500008A9841A71EB030C07D212198CF0004C90
:108A600043EB0C03001B61EB0C0152424FEA115423
:108A7000A4EB135C23EAAE0321EA0451C3EBAE037B
:108A800038BF5B1EDCF1200E48D322FA0CFE10EB3F
:108A90000E0043FA0CFE41EB0E01CCF1200E03FA5E
:108AA0000EFE10EB0E0051F10001CCF1200E4CD463
:108AB00012FA0EF201EB0451BDE8104008BF7047F6
:108AC000F1EE10CA1CF4400F14D14FF0120C92F0CA
:108AD000000F4CF0804C40F1B381401C18BFB2F144
:108AE000004F40F0AD8100280CBF491C20F0010070
:108AF00000F0A6B911F0004F54BF1CF4000F1CF495
:108B0000800F4FF0120C4CF0804C40F09981401CCB
:108B100040F0968141F1000100F092B912EB020E93
:108B200043EB030218BF4FF0010E4EEA4202ACF1D4
:108B3000200CDCF11E0E4BD943FA0CFE10EB0E009C
:108B400051F1FF31CCF11E0EB2D50EF1010E12FA29
:108B50000EFE404141EB010101EB445C5FEA5C5CCD
:108B600006D95FEA0E0201EB0451BDE81040A5E70B
:108B70003BD24FEAD42C11F5001124F400641AD032
:108B8000B1FA81F20B3AA41AA41ED2F1200391404B
:108B900030FA03F31943904001EBCC71002C01EB48
:108BA0000451BDE81040A8BF704701F1C0414FF02B
:108BB000120C00F087B8B0FA80F310FA03F101D17B
:108BC000BDE8104019D0E41A173C4805C90AE3E78C
:108BD00001EB0451BDE81040401E61F100015FF05F
:108BE000FF326BE701EB045110BD491001EB04515A
:108BF000BDE810404FEA30000BE0F1EE10CA4FF034
:108C000000010CF4400CBCF5000F08BF4FF0004110
:108C100070474FF0120C4A0008BF0042EDD0B2F589
:108C2000001F28BF704700F0EAB84EF4001E3EEA6D
:108C3000410418BF3EEA430434D091EA030F48BF11
:108C400083F000433FF5DDA8841A71EB030C07D2D3
:108C500012198CF0004C43EB0C03001B61EB0C0170
:108C600052EA033E4FEA1154A4EB135C14D05FEABE
:108C7000445E21EA045109D023F000435242ACF192
:108C8000010CC3F1000338BF5B1EFBE6BDE81040DA
:108C9000801A61EB0301BCE7BDE8104050EA410CCB
:108CA000B7D1AAE7BDE8104070B5FFF7A1FC00BF3F
:108CB00040DFF63E1100000483F00041104670478B
:108CC0000000C0FFF1EE103A13F0807F1EBF01F0EC
:108CD00000410020704713F4006F40F0AA80094261
:108CE00048BF4CF4803C4FF4C0634FEA115203F18B
:108CF000010321EA025122F400629A1A48BF6FF080
:108D0000FE0241F48011352A3CD830D0152A1ED3FA
:108D1000203A0CD90028C2F1200321FA02F001FA0E
:108D200003F218BF42F001024FF0000130E0C2F13F
:108D3000000302F1200201FA03F120FA02F241EAF3
:108D4000020100FA03F208464FF0000120E0C2F1F0
:108D5000200310B400FA03F401FA03F320FA02F03E
:108D600021FA02F1224610BC43EA000010E050EA6A
:108D700001324FF000004FF000014FF0004218BFE9
:108D8000521C05E04FF001024FF000014FF00000CF
:108D90001CF4803F2CF4803C18BF41F0004112428B
:108DA0001ED0F1EE103A13F4400F20D1520003D33D
:108DB0000CD0401C41F10001F1EE103A4CF0804C17
:108DC00043F00803E1EE103A00F03AB85FEAAC7203
:108DD000EFD4F1D1401C41F1000120F00100EBE79C
:108DE0001CF0804F08BF70472CF0004CE4E70942AC
:108DF00054BF13F4000F13F4800FDDD1D9E7F1EE67
:108E0000103A13F0807F1EBF01F000410020704730
:108E100013F4006F08BF70472DE9F050FFF79EFC78
:108E200004F5C064A4F10104314301EB0451BDE831
:108E3000F0504CF0005C4CF0800C00F093BB000054
:108E40001CF0700F08BF0A460FB4F1EE101A0CF0B8
:108E5000405030EA814318BF4CF0804C4FEA4C033D
:108E600010EA814F4FEAD36323EA112318BF23F09E
:108E7000100341EA030101F0E073E1EE101A4CEA3D
:108E8000030C0CF00F030A2B1DBF082B0CF0700312
:108E90004CEAC30C4FF4003304BF33EA0C034CF428
:108EA000400C1CF0005F14D11CF0805F0BD11CF053
:108EB000804F31D11CF0006F12D111F4807F0FBCB4
:108EC00062D000F04FBB11F4806F0FBC2BD000F0CC
:108ED00049BB11F4006F0FBC08BF704700F042BBE4
:108EE00011F4007F0FBC40F03D831CF0400F1EBF0B
:108EF0004FF0004040F0010070471CF0100F14BF0D
:108F000081EA030242400CF00F000A2808BF4FF02C
:108F1000FF324FF0000326E011F4805F0FBC08BF62
:108F2000704700F01FBBF1EE103A2CF0805C1CF093
:108F3000800F14BF01F0004200F0004212420CBF4B
:108F400012EA336F12EAF35F0DD31CF0100F1DBF4E
:108F500030A003C81143314808BF104313F4805FA9
:108F600040F0008370471CF0100F02F000421DBF5C
:108F70000FF2940003C81143254808BF104313F4AF
:108F8000805F40F0EF8270471CF0400F40F0288077
:108F90001CF4404F1BD01CF4004F1CBF1946104658
:108FA0000CF4807218BF8CEA520C1CF0800F0CBFBE
:108FB00040F4800041F400218CEADC0313F0100F30
:108FC0001CBF2CF00F0C4CF0080C00F0E7B91CF0A3
:108FD000100F1ABF12A393E80300134800F0DEB984
:108FE0001CF0800F14BF01F0004200F000421CF0A2
:108FF000100F1BBF0AA393E803000B48114308BFDF
:10900000104300F0CBB900BF000000000000F07F6B
:109010000000807FFFFFFFFFFFFFEF7FFFFF7F7FED
:10902000000000000000F87F0000C07F43004FEA0E
:10903000D30C4FEA3C0C43401FBF40070CF160517A
:1090400013F0FE4F70471CF0006F14D133F0004056
:1090500004BF1946704783EA830383EA430303F09E
:10906000070343EACC010CF0004303F15A5303F524
:109070004013FFF794B90CF0004343EA507010B569
:1090800040EACC0000F00FF8000000BA180000041D
:109090004FEA0001FFF765BB4FEAE0024FEA40707C
:1090A00042F0E04170470EF1020E2EF0030E4FEA3F
:1090B00040025EF8084B12F1807218BFB2F5000F43
:1090C00022D3244207D44FEA410313F1807318BF1F
:1090D000B3F5000F18D34FEA400C1CF5000F16D261
:1090E000244204D44FEA410C1CF5000F0FD2002A91
:1090F00010D14FEAD07C002B0CEB4C0C0CF1020C85
:1091000008BF4CEBD17C07E04FF0090C04E04FF0B6
:10911000080C01E04FEAD17C0CEB4C0324FA03F479
:1091200004F00704B4F1040C06D20EEB840CBDE885
:1091300010404CF0010C6047DFE80CF01F201302D8
:109140005EF804CC1B2B08D1002A88BFB2F5000FB3
:1091500034BF4CF4804C4CF4004CBDE81040FFF799
:109160006FBE002A88BFB2F1807F28BF084610BDBD
:109170004FF00040A0F5800010BD0846420018BF27
:10918000D2F1807284BF5EF8042C22F08062BDE8C8
:10919000104000F28A8070474FF00000E1EE100AA4
:1091A0007047FF2141EAD050C0057047F1EE101A18
:1091B00011F0807F1CBF00F00040704711F4006F79
:1091C00040F08E8000F0004343EAD05323F48073D4
:1091D000C3F1C10323F00041172941D8C3F1200393
:1091E00010FA03F1C3F1200320F07F4040F40000A7
:1091F00020FA03F003F0004340EA030019D00B46C5
:10920000F1EE101A41F00801E1EE101A11F4400FCE
:109210001CD1590009D318BF401C06D17FEAE27364
:1092200098BF401C38BF20F0010042F0804CFFF78F
:1092300007BE12F0804F08BF7047F1EE101A944637
:1092400041F00801E1EE101AFFF7FABD10F0004FEF
:1092500014BF5FEAF1535FEA316338BF401CE4E7B3
:10926000182903EB912318BF6FF000410131F1EE93
:10927000101A41F00801E1EE101A11F4400F18BF66
:1092800003F00040E2D168BF03F0004009D640027D
:1092900003F0004000F1010004BF12F0004F20F085
:1092A00001004FF0804CFFF7CBBDF1EE101A11F02A
:1092B000807F1CBF00F00040704711F4006F08BFB2
:1092C000704700F0004120F00040B0FA80F3A3F1B5
:1092D000080341F0C04100FA03F0A1EBC351084478
:1092E00042F0005C00F03EB9C2154FEA002318BFFF
:1092F00043F0004300F11C80D2F1BE0240F23F80F7
:1093000023FA02F1B2F1200C2FBF23FA0CF0C2F1C4
:10931000200C03FA0CF07047D2F1400254BF934086
:109320005B081B4208BF7047DFF868C0FFF788BDC5
:10933000B0F15F4F00F2238012F0FF0208BF23F06C
:109340000043C2F1BE0223FA02F1B2F1200C2EBF9B
:1093500023FA0CF0C2F1200C03FA0CF04042C1F1E8
:10936000000138BF491ED2F1400254BF93405B0850
:109370001B4208BF7047DFF81CC0FFF761BD10B586
:10938000FFF791FE000000BF58000304DFF808C09B
:10939000FFF756BD58000240580002040CF00F03BE
:1093A000092B08BF082000F0EF800A2B32D0082BD1
:1093B00018BF704708BF1CF0400F31D01CF4803F2D
:1093C00023D11CF0200F11D11CF0100F0BBF02464F
:1093D0000A466FF000406FF0004118BF4FF0FF30B9
:1093E00012F0004F1CBFC043C94370471CF0100F60
:1093F0000CBF02460A4612F0004F4FF0FF304FF00C
:10940000FF311CBFC043C94370474FF000004FF00D
:10941000000170471CF0400F18BF4FF0004070472C
:109420001CF0100F08D020F0704300F07F4242EA99
:10943000D3014FEA4370704700F0604021F07F4253
:1094400042EA000201F07F4040EA7270704700007B
:109450004FF0FF0C4CF4E06C1CEA11531CBF9CEA6B
:10946000030C9445C2BFDA4201EB02517047002B56
:1094700039D0BCF1000F68D0A1EB035112F5646F35
:109480000EDDB2F5646FB8BFD218A2F500635B1CA5
:1094900015DA002AC4BF41EA0251704712F5C062D2
:1094A000DFBF01F00041002041F0FE4141F47801AE
:1094B000C8BF41EA02514FF01B0CFFF703BCA2F5F5
:1094C000C062A2F500635B1CB1BF41EA025101F02A
:1094D0000041002041F0FE41A8BF41F47801DFF8CF
:1094E00080C0FFF7ADBC50EA013308BF70475FEAA8
:1094F000013C1BD0BCFA8CF302B50CFA03FCC3F19F
:10950000140320FA03F14CEA010CBDE80240C3F158
:1095100014034FEA4C0C00FA03F001F0004141EA59
:109520001C314FEA4000C3F10003A7E7B0FA80FC0A
:109530000CF1140300FA0CF041EAD021C3F100034E
:109540004FEA405021F4801198E750EA01334FF080
:109550009B0C18BF4CF0806C7EF494AC704700BF3D
:109560009B0000102DE900502DE90050F7F7DEF8C0
:10957000BDE80050BDE800500CF00F0393F0090F58
:1095800018BF7047AFF300801CF4801F24D01CF478
:10959000E02F09D010F0080F02D1D0F1020070477F
:1095A0006FEACC31490070474FF0604111EA4070DA
:1095B00028BF40F04050F1EE103A23F0704343EAE8
:1095C0000003E1EE103AEFF3008222F0704242EA2B
:1095D000000282F3008870471CEA004018BF012097
:1095E0007047000040000000240000000000000060
:1095F0000000000040000000240000000000000007
:10960000000000003CA30008D5080008000000008E
:1096100000000000800000000000000000000000CA
:10962000F8A2000861090008020000000000000024
:1096300000010000000000000000000004A300087A
:10964000150A0008020000000000000000010000F0
:10965000000000000000000010A30008810A0008BC
:1096600002000000000000000001000000000000F7
:109670000000000020A30008F10B0008010000001A
:1096800000000000000100000000000000000000D9
:109690002CA3000851330008030000000000000064
:1096A000000200000000000000000000000610168C
:1096B0000006101600000000000000000102030474
:1096C000060708090000000001020304005EBCE276
:1096D000613FDD83C29C7E20A3FD1F419DC3217F8E
:1096E000FCA2401E5F01E3BD3E6082DC237D9FC182
:1096F000421CFEA0E1BF5D0380DE3C62BEE0025C76
:10970000DF81633D7C22C09E1D43A1FF4618FAA461
:1097100027799BC584DA3866E5BB5907DB8567394D
:10972000BAE406581947A5FB7826C49A653BD98741
:10973000045AB8E6A7F91B45C6987A24F8A6441A35
:1097400099C7257B3A6486D85B05E7B98CD2306E21
:10975000EDB3510F4E10F2AC2F7193CD114FADF30D
:10976000702ECC92D38D6F31B2EC0E50AFF1134D01
:10977000CE90722C6D33D18F0C52B0EE326C8ED0F5
:10978000530DEFB1F0AE4C1291CF2D73CA947628E1
:10979000ABF517490856B4EA6937D58B5709EBB5CD
:1097A00036688AD495CB2977F4AA4816E9B7550BC1
:1097B00088D6346A2B7597C94A14F6A8742AC896B5
:1097C000154BA9F7B6E80A54D7896B350000891103
:1097D00012239B322446AD573665BF74488CC19D19
:1097E0005AAFD3BE6CCAE5DB7EE9F7F881100801F9
:1097F00093331A22A5562C47B7753E64C99C408DF9
:10980000DBBF52AEEDDA64CBFFF976E802218B3094
:10981000100299132667AF763444BD554AADC3BCD8
:10982000588ED19F6EEBE7FA7CC8F5D983310A20B8
:1098300091121803A7772E66B5543C45CBBD42ACB8
:10984000D99E508FEFFB66EAFDD874C904428D5350
:1098500016619F702004A9153227BB364CCEC5DF98
:109860005EEDD7FC6888E1997AABF3BA85520C4378
:1098700097711E60A1142805B3373A26CDDE44CF78
:10988000DFFD56ECE9986089FBBB72AA06638F7214
:1098900014409D512225AB343006B9174EEFC7FE58
:1098A0005CCCD5DD6AA9E3B8788AF19B87730E6238
:1098B00095501C41A3352A24B1163807CFFF46EE38
:1098C000DDDC54CDEBB962A8F99A708B08848195E0
:1098D0001AA793B62CC2A5D33EE1B7F04008C91928
:1098E000522BDB3A644EED5F766DFF7C89940085E8
:1098F0009BB712A6ADD224C3BFF136E0C118480908
:10990000D33B5A2AE55E6C4FF77D7E6C0AA583B483
:10991000188691972EE3A7F23CC0B5D14229CB38E7
:10992000500AD91B666FEF7E744CFD5D8BB502A4A7
:1099300099961087AFF326E2BDD034C1C3394A28C7
:10994000D11A580BE77F6E6EF55C7C4D0CC685D73F
:109950001EE597F42880A1913AA3B3B2444ACD5BA7
:109960005669DF78600CE91D722FFB3E8DD604C767
:109970009FF516E4A9902081BBB332A2C55A4C4B87
:10998000D7795E68E11C680DF33F7A2E0EE787F603
:109990001CC495D52AA1A3B03882B193466BCF7A67
:1099A0005448DD59622DEB3C700EF91F8FF706E627
:1099B0009DD414C5ABB122A0B9923083C77B4E6A47
:1099C000D5585C49E33D6A2CF11E780F0000000079
:1099D000920E493CB10AC93C2BC3163D2EFB483DB3
:1099E000752B7B3D04A9963D80B6AF3D36BDC83D85
:1099F0002FBCE13D73B2FA3D87CF093E8340163E4E
:109A0000B5AB223EA2102F3ECF6E3B3EC2C5473EB5
:109A10000115543E135C603E7F9A6C3ECCCF783E7D
:109A2000C07D823E938E883E229A8E3E32A0943E26
:109A300086A09A3EE59AA03E128FA63ED47CAC3E0C
:109A4000EF63B23E2A44B83E491DBE3E15EFC33E09
:109A500053B9C93ECA7BCF3E4136D53E80E8DA3E97
:109A60004F92E03E7533E63EBBCBEB3EEA5AF13E09
:109A7000CBE0F63E275DFC3EE4E7003F3D9C033F24
:109A8000824B063F9BF5083F6B9A0B3FDA390E3F3E
:109A9000CDD3103F2A68133FD9F6153FC07F183F3A
:109AA000C6021B3FD17F1D3FCBF61F3F9967223F68
:109AB00025D2243F5636273F1594293F4AEB2B3FAA
:109AC000DE3B2E3FBB85303FC9C8323FF304353FF4
:109AD000233A373F4268393F3B8F3B3FF9AE3D3F2A
:109AE00067C73F3F70D8413F01E2433F03E4453F32
:109AF00065DE473F12D1493FF8BB4B3F029F4D3FC8
:109B0000207A4F3F3D4D513F4918533F31DB543F81
:109B1000E595563F5348583F6AF2593F1A945B3FC8
:109B2000532D5D3F05BE5E3F2146603F97C5613FB7
:109B30005A3C633F59AA643F880F663FD86B673F22
:109B40003CBF683FA7096A3F0C4B6B3F5E836C3F8D
:109B500093B26D3F9ED86E3F73F56F3F0809713F1A
:109B60005213723F4714733FDD0B743F0BFA743F7F
:109B7000C6DE753F07BA763FC58B773FF853783F0F
:109B80009812793F9DC7793F02737A3FBE147B3F9D
:109B9000CDAC7B3F283B7C3FC9BF7C3FAC3A7D3F8F
:109BA000CCAB7D3F23137E3FB0707E3F6DC47E3FC4
:109BB000580E7F3F6D4E7F3FAB847F3F0FB17F3F9D
:109BC00097D37F3F43EC7F3F11FB7F3F0000803FF7
:109BD00011FB7F3F43EC7F3F97D37F3F0FB17F3F28
:109BE000AB847F3F6D4E7F3F580E7F3F6DC47E3FFD
:109BF000B0707E3F23137E3FCCAB7D3FAC3A7D3FC0
:109C0000C9BF7C3F283B7C3FCDAC7B3FBE147B3F34
:109C100002737A3F9DC7793F9812793FF853783F96
:109C2000C58B773F07BA763FC6DE753F0BFA743FA8
:109C3000DD0B743F4714733F5213723F0809713FA5
:109C400073F56F3F9ED86E3F93B26D3F5E836C3F5E
:109C50000C4B6B3FA7096A3F3CBF683FD86B673F1F
:109C6000880F663F59AA643F5A3C633F97C5613FDE
:109C70002146603F05BE5E3F532D5D3F1A945B3F1A
:109C80006AF2593F5348583FE595563F31DB543F00
:109C90004918533F3D4D513F207A4F3F029F4D3F62
:109CA000F8BB4B3F12D1493F65DE473F03E4453FD8
:109CB00001E2433F70D8413F67C73F3FF9AE3D3FA8
:109CC0003B8F3B3F4268393F233A373FF304353FF0
:109CD000C9C8323FBB85303FDE3B2E3F4AEB2B3FAE
:109CE0001594293F5636273F25D2243F9967223FB6
:109CF000CBF61F3FD17F1D3FC6021B3FC07F183FE1
:109D0000D9F6153F2A68133FCDD3103FDA390E3FFD
:109D10006B9A0B3F9BF5083F824B063F3D9C033FF0
:109D2000E4E7003F275DFC3ECBE0F63EEA5AF13E19
:109D3000BBCBEB3E7533E63E4F92E03E80E8DA3E29
:109D40004136D53ECA7BCF3E53B9C93E15EFC33E1F
:109D5000491DBE3E2A44B83EEF63B23ED47CAC3EC1
:109D6000128FA63EE59AA03E86A09A3E32A0943E6F
:109D7000229A8E3E938E883EC07D823ECCCF783E26
:109D80007F9A6C3E135C603E0115543EC2C5473E4F
:109D9000CF6E3B3EA2102F3EB5AB223E8340163E17
:109DA00087CF093E73B2FA3D2FBCE13D36BDC83DB9
:109DB00080B6AF3D04A9963D752B7B3D2EFB483DFB
:109DC0002BC3163DB10AC93C920E493C000000006D
:109DD000920E49BCB10AC9BC2BC316BD2EFB48BDAF
:109DE000752B7BBD04A996BD80B6AFBD36BDC8BD81
:109DF0002FBCE1BD73B2FABD87CF09BE834016BE4A
:109E0000B5AB22BEA2102FBECF6E3BBEC2C547BEB1
:109E1000011554BE135C60BE7F9A6CBECCCF78BE79
:109E2000C07D82BE938E88BE229A8EBE32A094BE22
:109E300086A09ABEE59AA0BE128FA6BED47CACBE08
:109E4000EF63B2BE2A44B8BE491DBEBE15EFC3BE05
:109E500053B9C9BECA7BCFBE4136D5BE80E8DABE93
:109E60004F92E0BE7533E6BEBBCBEBBEEA5AF1BE05
:109E7000CBE0F6BE275DFCBEE4E700BF3D9C03BF20
:109E8000824B06BF9BF508BF6B9A0BBFDA390EBF3A
:109E9000CDD310BF2A6813BFD9F615BFC07F18BF36
:109EA000C6021BBFD17F1DBFCBF61FBF996722BF64
:109EB00025D224BF563627BF159429BF4AEB2BBFA6
:109EC000DE3B2EBFBB8530BFC9C832BFF30435BFF0
:109ED000233A37BF426839BF3B8F3BBFF9AE3DBF26
:109EE00067C73FBF70D841BF01E243BF03E445BF2E
:109EF00065DE47BF12D149BFF8BB4BBF029F4DBFC4
:109F0000207A4FBF3D4D51BF491853BF31DB54BF7D
:109F1000E59556BF534858BF6AF259BF1A945BBFC4
:109F2000532D5DBF05BE5EBF214660BF97C561BFB3
:109F30005A3C63BF59AA64BF880F66BFD86B67BF1E
:109F40003CBF68BFA7096ABF0C4B6BBF5E836CBF89
:109F500093B26DBF9ED86EBF73F56FBF080971BF16
:109F6000521372BF471473BFDD0B74BF0BFA74BF7B
:109F7000C6DE75BF07BA76BFC58B77BFF85378BF0B
:109F8000981279BF9DC779BF02737ABFBE147BBF99
:109F9000CDAC7BBF283B7CBFC9BF7CBFAC3A7DBF8B
:109FA000CCAB7DBF23137EBFB0707EBF6DC47EBFC0
:109FB000580E7FBF6D4E7FBFAB847FBF0FB17FBF99
:109FC00097D37FBF43EC7FBF11FB7FBF000080BFF3
:109FD00011FB7FBF43EC7FBF97D37FBF0FB17FBF24
:109FE000AB847FBF6D4E7FBF580E7FBF6DC47EBFF9
:109FF000B0707EBF23137EBFCCAB7DBFAC3A7DBFBC
:10A00000C9BF7CBF283B7CBFCDAC7BBFBE147BBF30
:10A0100002737ABF9DC779BF981279BFF85378BF92
:10A02000C58B77BF07BA76BFC6DE75BF0BFA74BFA4
:10A03000DD0B74BF471473BF521372BF080971BFA1
:10A0400073F56FBF9ED86EBF93B26DBF5E836CBF5A
:10A050000C4B6BBFA7096ABF3CBF68BFD86B67BF1B
:10A06000880F66BF59AA64BF5A3C63BF97C561BFDA
:10A07000214660BF05BE5EBF532D5DBF1A945BBF16
:10A080006AF259BF534858BFE59556BF31DB54BFFC
:10A09000491853BF3D4D51BF207A4FBF029F4DBF5E
:10A0A000F8BB4BBF12D149BF65DE47BF03E445BFD4
:10A0B00001E243BF70D841BF67C73FBFF9AE3DBFA4
:10A0C0003B8F3BBF426839BF233A37BFF30435BFEC
:10A0D000C9C832BFBB8530BFDE3B2EBF4AEB2BBFAA
:10A0E000159429BF563627BF25D224BF996722BFB2
:10A0F000CBF61FBFD17F1DBFC6021BBFC07F18BFDD
:10A10000D9F615BF2A6813BFCDD310BFDA390EBFF9
:10A110006B9A0BBF9BF508BF824B06BF3D9C03BFEC
:10A12000E4E700BF275DFCBECBE0F6BEEA5AF1BE15
:10A13000BBCBEBBE7533E6BE4F92E0BE80E8DABE25
:10A140004136D5BECA7BCFBE53B9C9BE15EFC3BE1B
:10A15000491DBEBE2A44B8BEEF63B2BED47CACBEBD
:10A16000128FA6BEE59AA0BE86A09ABE32A094BE6B
:10A17000229A8EBE938E88BEC07D82BECCCF78BE22
:10A180007F9A6CBE135C60BE011554BEC2C547BE4B
:10A19000CF6E3BBEA2102FBEB5AB22BE834016BE13
:10A1A00087CF09BE73B2FABD2FBCE1BD36BDC8BDB5
:10A1B00080B6AFBD04A996BD752B7BBD2EFB48BDF7
:10A1C0002BC316BDB10AC9BC920E49BC0000008069
:10A1D0004FBB610567ACDD3F182D4454FB21E93FBF
:10A1E0009BF681D20B73EF3F182D4454FB21F93FAE
:10A1F000E2652F227F2B7A3C075C143326A6813C34
:10A20000BDCBF07A8807703C075C143326A6913CDE
:10A21000C4EB98999999C9BF711623FEC671BCBF4A
:10A220006D9A74AFF2B0B3BF9AFDDE522DDEADBFB2
:10A230002F6C6A2C44B4A2BF0D5555555555D53FCA
:10A24000FF8300922449C23F6E204CC5CD45B73FE5
:10A25000513DD0A0660DB13FEB0D76244B7BA93F5D
:10A2600011DA22E33AAD903F000000000000F03F19
:10A27000000000000000F83F0000000000000000A7
:10A280000000004003B8E23F0000000000000000B2
:10A2900006D0CF43EBFD4C3E033333333333E33F40
:10A2A000FFAB6FDBB66DDB3F4D268F515555D53F6C
:10A2B00001411DA96074D13F65DBC9934A86CD3F3A
:10A2C000EF4E454A287ECA3F3E5555555555C53F28
:10A2D00093BDBE166CC166BF2CDE25AF6A56113F1A
:10A2E000F16BD2C541BDBBBED0A4BE726937663E1C
:10A2F000000000000000000043414E315F546173D4
:10A300006B00000043414E325F5461736B000000EC
:10A3100043414E5F53656E645F5461736B00000090
:10A32000436865636B5F5461736B0000526F626FCB
:10A33000745F4374726C5F5461736B00416C6C5F4B
:10A34000496E69740000000068A300080000002046
:10A3500088010000E8010008A8A300088801002087
:10A3600020B0000044020008012432018210036181
:10A3700024F41AAA0141D2030332803F0324A042ED
:10A38000131001EA20F00130135D411408E13F1B76
:10A3900008C50413FD3A14081D3B1B08B90C1AD557
:08A3A000040322FFFF0000008E
:04000005080001AD41
:00000001FF
